"Name","Station","Uni","Longitude","Latitude","Trawling_intensity","Pollution_intensity","Eutrophication_intensity","Reference_stations","High_impact","Depth","Biomass","Abundance","Richness","Biomass_nc","Abundance_nc","Richness_nc","shannon","simpson","invsimpson","medlong","fraclong","SoS","AMBI_abund","M_AMBI_abund_ref","M_AMBI_abund_plusref","AMBI_bio","Bentix","DM","Ab_mTDI","Ab_TDI","Ab_pTDI","Ab_mT","biom_mTDI","biom_TDI","biom_pTDI","biom_mT","logab_mTDI","logab_TDI","logab_pTDI","logab_mT","logbiom_mTDI","logbiom_TDI","logbiom_pTDI","logbiom_mT","DKI"
"AS1","b_1","AS1_b_1",12.55058333,45.42166665,0,NA,NA,"yes","no",16.9,1023.388,203594.755,38,794.443,202500.895,35,1.73016088913687,0.648532414960015,2.84521259588202,2.8018269876868,0.0304307258290392,0.189881856,0.044,0.86941,0.78544,0.1,5.812225202,1.397,7.872126607,1.385403605,8.220400732,3.577525425,8.361067676,1.501165148,8.709408807,3.369437061,8.555710991,1.619706967,9.995659012,3.752164722,8.760457923,1.621128027,10.12133152,3.67127485,NA
"AS1","b_27","AS1_b_27",13.192375,43.79503333,0,NA,NA,"yes","no",13.5,291.459,12114.504,7,285.251,12087.157,6,1.50738832104399,0.754038628896587,4.06567907600237,5.31997396851921,0.300897572079794,0,1.244,0.49783,0.4507,0.72,3.407239602,0.267,9.993887689,2.045194095,9.993887689,2.345056165,9.664900937,1.968951001,9.664900937,2.561573182,10.09843551,2.03055951,10.09843551,2.338632962,10.03144982,2.020773037,10.03144982,2.377451393,NA
"AS1","b_48","AS1_b_48",12.62965002,44.0598,0,NA,NA,"yes","no",8.6,1536.758,170714.545,25,1536.758,170714.545,25,1.2956355952554,0.620149057174188,2.63261160433283,8.699238109083,0.421481890230385,0.054708715,4.039,0.52253,0.47212,3.65,2.432141503,1,6.105562114,0.775900012,9.306122492,6.415481962,6.237460554,0.83651178,9.131566305,6.243315035,7.782499003,1.517945014,9.456292654,4.577784455,6.807077856,1.251830643,8.283894464,5.440819123,NA
"AS1","b_19","AS1_b_19",13.16346667,44.46231667,0.6036,NA,NA,"no","no",46.3,14283.752,1151459.46,43,14176.368,1150693.607,39,2.3620082873332,0.830461321810606,5.89835906873645,2.80173511252609,0.22220761539295,0.298878148,0.252,0.96277,0.87012,0.676,5.937265827,1.367,11.53737935,2.55868967,11.78636699,2.072240728,12.53516447,2.685199431,12.6592544,1.680737727,10.4165897,2.25708539,11.30865001,2.79151732,11.52990516,2.540159866,11.98675604,2.181585955,NA
"AS1","b_5","AS1_b_5",12.51449165,45.15134166,1.6734,NA,NA,"no","no",25,2786.609,623951.098,30,2569.982,622638.208,28,1.96106602872394,0.786908144918805,4.69281193135686,4.9847169705162,0.113398945984836,0.043908509,0.593,0.80054,0.72369,0.565,5.908143437,1.016,8.559745264,1.573750973,10.20129104,3.864557239,9.344551202,1.851995295,10.51095563,3.356383194,9.502975531,1.960812729,10.85903843,3.366317504,9.666176276,2.000703726,10.78987727,3.265253749,NA
"AS1","b_57","AS1_b_57",12.71600002,45.077625,1.7788,NA,NA,"no","no",28.4,2148.426,311093.876,32,1993.426,310246.133,29,2.28722084640878,0.846858798988654,6.52992136274229,2.77598624362013,0.0335509486348294,0,0.641,0.86426,0.78146,0.365,5.971645104,1.112,7.915789438,1.396750981,9.421799836,4.289382545,10.17324538,1.782553433,10.37882577,2.568945242,8.200290508,1.554460344,10.21237563,4.659706786,9.332981281,1.822086187,10.34931411,3.335004914,NA
"AS1","b_54","AS1_b_54",12.98120832,44.2334,2.0866,NA,NA,"no","no",47.8,736.554,84473.368,23,649.537,83379.507,20,1.1799310746234,0.598252425032073,2.4891251679113,2.29453582658457,0.0809622854433235,0.023569023,0.057,0.64459,0.58247,0.022,5.975641818,0.842,NA,NA,NA,NA,NA,NA,NA,NA,8.129546952,1.574982435,9.551206202,4.387324344,9.138826514,1.865402905,9.993818559,3.166991643,NA
"AS1","b_26","AS1_b_26",13.33643333,44.04086667,2.712,NA,NA,"no","yes",58.5,642.26,80644.855,29,521.607,79277.529,24,1.52739579161632,0.693437750425849,3.26198023856202,3.08863250733173,0.153042498143768,0,0.71,0.69825,0.63109,0.192,5.97139862,1.023,NA,NA,NA,NA,NA,NA,NA,NA,10.65499941,2.353868211,11.77515456,2.725008389,11.40017176,2.114732515,12.67767023,2.521056798,NA
"AS1","b_6","AS1_b_6",12.88043334,45.25941667,2.9066,NA,NA,"no","yes",31.8,12090.336,7454388.779,37,11903.072,7452513.8,34,0.496280531992543,0.166280180747644,1.19944371827067,3.85671673342605,0.0113406578290602,0.000879556,1.388,0.6406,0.57773,1.046,5.99766141,1.047,NA,NA,NA,NA,NA,NA,NA,NA,8.54246823,1.706052854,10.46241164,4.293266047,8.868434564,1.794021973,10.43435479,3.794305701,NA
"AS1","b_56","AS1_b_56",12.89721667,45.329625,3.3316,NA,NA,"no","yes",29.3,9814.754,930000.118,35,9546.569,928039.622,32,2.37014105621889,0.847494463501975,6.55713899287157,3.91766855834235,0.0414446453659599,0,0.374,0.90794,0.8209,0.186,5.969326999,1.133,NA,NA,NA,NA,NA,NA,NA,NA,7.810330951,1.442832008,10.1348416,4.943775081,8.498655014,1.623327744,10.53033055,4.395791428,NA
"AS1","b_51","AS1_b_51",13.06459167,45.33085833,4.0524,NA,NA,"no","yes",31,14443.196,1667425.98,32,14333.755,1666222.733,29,2.0384976767269,0.802968019623161,5.07531822035906,2.54020968707539,0.038718907455397,0,0.583,0.83412,0.75402,0.321,5.969775079,0.981,8.501709836,1.399982203,8.745190275,3.299384751,9.30552315,1.488561174,9.49723723,2.884498935,8.275761929,1.522851744,9.560133827,3.950811741,8.602764083,1.589448304,9.614853944,3.575146713,NA
"AS1","b_3","AS1_b_3",13.49351665,45.64353333,10.5928,NA,NA,"no","yes",14.8,21283.174,11166791.287,31,21023.23,11164777.467,29,0.742857773214429,0.258298325394742,1.34825096698374,5.09472979420257,0.00934909859236664,0,0.049,0.68917,0.622,0.198,5.866944958,0.866,10.44377259,2.021728033,10.8834275,2.435716362,10.15630769,1.984314144,10.76559812,2.643687387,8.938144354,1.675744659,10.07359169,3.452210632,9.160113621,1.717768007,10.29987492,3.329256907,NA
"AS2","b_16","AS2_b_16",12.38500832,44.28898333,0,NA,NA,"yes","no",8.2,7412.763,894394.89,16,7412.763,894394.89,16,1.00947697651549,0.557734321936062,2.26108434273625,9.07959978293695,0.426520246229375,0.973960927,4.311,0.3803,0.34374,3.855,2.182291196,0.769,6.008348422,0.703601281,8.751037818,6.474316048,6.106547488,0.752530632,8.655987273,6.333180954,NA,NA,NA,NA,NA,NA,NA,NA,NA
"AS2","b_24","AS2_b_24",13.01837499,43.92299999,0,NA,NA,"yes","no",14.4,1691.548,372103.943,21,1691.548,372103.943,21,0.909234165660048,0.485360744325982,1.94310867073346,2.4250013702857,0.0231416677656213,0.033858981,1.36,0.56473,0.51005,0.316,4.719634433,1.095,7.75277463,1.372061147,8.029223382,3.693019006,8.152675624,1.395672955,8.207348913,3.293470782,8.016998014,1.458718009,8.941046625,3.946367623,8.242588652,1.479858251,8.776202164,3.695861527,NA
"AS2","b_64","AS2_b_64",12.52158335,44.13541666,0,NA,NA,"yes","no",9.1,3064.425,536745.023,18,3064.425,536745.023,18,1.51176489048599,0.688537628711699,3.21066071597575,8.49751938475781,0.406181420658035,0.908167972,3.985,0.48292,0.43679,3.611,2.520540081,0.905,6.300186613,0.877064555,8.719966886,6.261135169,6.108726553,0.762387193,8.682405514,6.37563104,NA,NA,NA,NA,7.103337403,1.158986187,8.45757385,5.317803367,NA
"AS2","b_8","AS2_b_8",12.47531665,44.828175,0.002,NA,NA,"yes","no",9.6,1714.678,115292.88,25,1714.678,115292.88,25,2.47227657260544,0.879947500470603,8.32968912700674,6.41467012988729,0.321545503004063,0.173489614,1.131,0.82409,0.74549,1.992,4.557400405,1.446,NA,NA,NA,NA,9.850453962,2.052445299,9.86284526,2.377497761,NA,NA,NA,NA,NA,NA,NA,NA,NA
"AS2","b_37","AS2_b_37",13.91901665,43.11725833,2.4728,NA,NA,"no","no",15.9,3758.53,668813.558,23,3758.53,668813.558,23,1.18713304334515,0.526218114406422,2.11067588358121,4.8536635967113,0.0168362808509355,0.008233214,0.194,0.68001,0.61433,0.109,5.415791438,1.152,5.408137548,0.555555662,8.454404736,7.608936368,5.610200143,0.546183494,9.299765606,7.611803039,8.016794383,1.447487432,9.079642152,3.99313183,7.817418933,1.348995387,8.893183756,4.384772871,NA
"AS2","b_65","AS2_b_65",12.76023331,44.08451666,3.7424,NA,NA,"no","no",14.9,758.864,228151.921,21,758.864,228151.921,21,1.25756905095303,0.593514299626014,2.4601111406378,6.86373473571578,0.288359091132711,0.759944406,3.202,0.51846,0.46856,2.972,3.483483435,1.138,7.804457717,1.283337497,8.882412071,4.354741707,7.45981067,1.220611063,8.861116083,4.758186354,8.028937846,1.395147981,8.947201615,4.030178923,7.797384643,1.251884648,8.720722771,4.283449867,NA
"AS2","b_38","AS2_b_38",14.16210833,43.378525,5.1494,NA,NA,"no","no",71.1,371.86,28877.914,14,333.219,28604.449,13,1.89442027643593,0.783545819103598,4.61991538282466,4.75721891558165,0.349691944336908,0,0.126,0.67594,0.61164,0.053,5.604743067,0.821,NA,NA,NA,NA,7.964083575,1.380985404,8.065114869,3.250797047,8.028422167,1.401242424,8.784437198,3.760519642,7.763031764,1.343591147,8.156058094,3.621928862,NA
"AS2","b_63","AS2_b_63",12.60864998,44.19915,5.166,NA,NA,"no","no",20,2344.417,871451.2,20,2342.749,871423.853,19,0.886260858172512,0.386201285706341,1.6291985902101,8.41367537410563,0.403570442245413,0.937412848,4.318,0.39375,0.35568,3.912,2.161525865,0.924,6.239921701,0.812581565,8.954374077,6.180340448,6.497386474,0.933022285,8.68745249,5.838366689,NA,NA,NA,NA,7.41298039,1.164471094,8.750041123,4.68701466,NA
"AS2","b_18","AS2_b_18",12.84635,44.386575,5.5958,NA,NA,"no","no",40.6,875.992,442302.438,26,795.648,441317.964,23,1.00480230861283,0.571457782546664,2.33349238248362,3.13567644993268,0.0513485025203775,0,0.741,0.61866,0.5588,0.496,5.97792659,1.189,NA,NA,NA,NA,NA,NA,NA,NA,7.419694099,1.355647164,9.530180764,4.578159451,NA,NA,NA,NA,NA
"AS2","b_35","AS2_b_35",14.35385834,43.45093333,5.8418,NA,NA,"no","no",78.9,890.894,10774.526,17,868.989,10583.1,13,1.91078164005956,0.784074227537701,4.63122113028264,4.76204979813647,0.0087480969264283,0,0.471,0.66143,0.59855,0.018,5.509043853,0.909,NA,NA,NA,NA,NA,NA,NA,NA,NA,NA,NA,NA,NA,NA,NA,NA,NA
"AS2","b_17","AS2_b_17",12.55913334,44.33529167,6.3238,NA,NA,"no","no",20.1,2820.026,615761.319,20,2803.017,615679.279,18,1.72279224189047,0.77339199322502,4.41290673807917,4.68950492511383,0.0341382160721822,0.117046882,2.129,0.60424,0.54655,0.535,3.897406104,0.896,5.680921702,0.675849707,8.484745377,7.167089178,6.289217009,0.770025808,9.044796842,6.56313211,NA,NA,NA,NA,7.114606174,1.08322412,8.436431941,4.924477243,NA
"AS2","b_67","AS2_b_67",13.98763332,43.35106665,7.9306,NA,NA,"no","yes",46.2,438.778,59970.892,22,374.323,59533.347,20,1.52190141668045,0.657149131648807,2.91672004451704,2.78110995008934,0.00957194722205154,0.016387076,0.891,0.65978,0.59647,0.432,5.635348868,1.214,NA,NA,NA,NA,NA,NA,NA,NA,8.211229668,1.49048425,9.433717836,4.018532107,NA,NA,NA,NA,NA
"AS2","b_21","AS2_b_21",12.75885833,44.14813333,11.6738,NA,NA,"no","yes",19,13551.809,9923938.116,21,13543.96,9923719.343,19,0.541039302456622,0.225511550232603,1.29117483972851,8.75599244030814,0.407755164073933,0.896198843,4.338,0.34685,0.31302,3.999,2.155340669,0.785,6.028284263,0.735035591,8.339105233,6.429362319,6.146616093,0.807359715,8.92893841,6.388660198,7.472171467,1.315450849,9.285509937,4.835288793,7.340738096,1.231270784,8.969473429,4.950065113,NA
"AS2","b_50","AS2_b_50",14.02130833,43.05349167,12.8576,NA,NA,"no","yes",27,506.32,173951.148,21,500.003,173869.108,20,0.975388028146623,0.369579705642401,1.58624335058725,3.53744719154473,0.0159559042645744,0.036441587,1.298,0.5669,0.5121,0.708,5.712937316,1.106,NA,NA,NA,NA,NA,NA,NA,NA,8.07502102,1.535144257,9.478658251,4.113067498,NA,NA,NA,NA,NA
"AS2","b_12","AS2_b_12",12.53900832,44.83095001,18.2654,NA,NA,"no","yes",21.5,1724.171,240020.305,25,1724.171,240020.305,25,2.03650827088815,0.809893555769749,5.26021095207499,3.91174084625705,0.0342380966466396,0.0449026,0.234,0.81114,0.73342,0.435,5.087837819,1.361,6.979116581,1.017165443,9.665243899,5.926508732,7.424078201,1.196785382,8.931698385,4.973852122,8.632933887,1.651197129,9.945098337,3.844152243,7.795324943,1.291242075,8.842581578,4.247636183,NA
"AS2","b_34","AS2_b_34",13.87833335,43.38485832,18.8224,NA,NA,"no","yes",21.2,350.829,37327.988,22,350.829,37327.988,22,1.79788990703051,0.765848508600906,4.27073940048314,3.62804613121006,0.00393710326113292,0.000323729,0.096,0.75558,0.68315,0.053,4.078220966,1.401,6.578684913,0.89465228,8.761732913,5.989119904,7.604721373,1.106794098,9.016339541,4.750035089,7.876454823,1.415888297,9.189102401,4.108398994,NA,NA,NA,NA,NA
"CO","BREEVTN03","CO_BREEVTN03",4.4422,53.1878,0.06,NA,NA,"yes","no",27.17000008,0.522048,20,12,0.522048,20,12,2.36272730754135,0.895,9.52380952380952,4.75964489895079,0.981889787912223,NA,1.725,0.82758,0.75404,0.391,3.8,1.262,NA,NA,NA,NA,NA,NA,NA,NA,NA,NA,NA,NA,NA,NA,NA,NA,0.684713353
"CO","ROTTMPT50","CO_ROTTMPT50",6.31,53.9539,0.25,NA,NA,"yes","no",31.88999939,0.048966,26,8,0.048966,26,8,1.6313454208086,0.727810650887574,3.67391304347826,4.70139580195295,0.963158109708777,NA,1.442,0.66945,0.61153,1.521,5.538461538,0.738,6.30952381,0.856734201,8.8,4.508964289,6.011487067,0.701762462,8.507389163,4.655917742,NA,NA,NA,NA,NA,NA,NA,NA,0.610066715
"CO","NOORDWK30","CO_NOORDWK30",4.0481,52.3875,1.52,NA,NA,"no","no",23.59000015,0.064862,18,11,0.064862,18,11,2.21225661092227,0.864197530864198,7.36363636363636,3.51886091705416,0.717538774629213,NA,1.5,0.80226,0.73149,1.814,4.444444444,1.189,NA,NA,NA,NA,5.933837626,0.693147181,NA,4.888502595,NA,NA,NA,NA,NA,NA,NA,NA,0.675199242
"CO","BREEVTN17","CO_BREEVTN17",3.5,52.25,1.69,NA,NA,"no","no",25.10000038,0.069596,12,8,0.069596,12,8,1.90728399932138,0.819444444444444,5.53846153846154,4.81976975250779,0.969294212311052,NA,1.125,0.72756,0.66472,1.192,5.666666667,0.968,5.695652174,0.6257059,NA,5.467373771,5.98351048,0.689581346,NA,4.812497571,5.624804427,0.603806057,NA,5.685136236,5.379482423,0.521899375,NA,6.37953672,0.639196003
"CO","BREEVTN22","CO_BREEVTN22",3.4072,52.1033,1.78,NA,NA,"no","no",28.59000015,0.064079,5,3,0.064079,5,3,0.950270539233235,0.56,2.27272727272727,4.98073394777587,0.989559762168573,NA,0.9,0.51639,0.47416,1.484,NA,0.427,6,0.693147181,NA,4.659095812,6,0.693147181,NA,4.659095812,NA,NA,NA,NA,NA,NA,NA,NA,0.459243525
"CO","BREEVTN19","CO_BREEVTN19",3.9875,52.275,1.82,NA,NA,"no","no",23.78000069,0.054857,36,9,0.054857,36,9,1.56741135685608,0.680555555555556,3.1304347826087,3.76996963481026,0.764861366826476,NA,1.333,0.68724,0.62756,1.602,5.777777778,0.767,NA,NA,NA,NA,5.993935661,0.693147181,NA,4.667669508,NA,NA,NA,NA,NA,NA,NA,NA,0.615365717
"CO","BREEVTN07","CO_BREEVTN07",3.8417,52.7611,1.9,NA,NA,"no","no",29.31999969,0.193266,33,13,0.193266,33,13,2.39574001707042,0.892561983471074,9.30769230769231,4.29675692807208,0.887398714724783,NA,1.045,0.89548,0.81623,0.848,4.424242424,1.179,NA,NA,NA,NA,6.673054746,1.195557937,8,5.532256038,NA,NA,NA,NA,NA,NA,NA,NA,0.750635242
"CO","BREEVTN14","CO_BREEVTN14",3.2033,52.4619,1.96,NA,NA,"no","no",35.15999985,0.029526,19,4,0.029526,19,4,1.01020994742668,0.542936288088643,2.18787878787879,4.04299912163515,0.830251303935514,NA,0.316,0.58184,0.53403,0.656,5.789473684,0.35,NA,NA,NA,NA,5.769576099,0.693147181,NA,5.53632954,NA,NA,NA,NA,NA,NA,NA,NA,0.591640725
"CO","BREEVTN15","CO_BREEVTN15",3.1903,52.3403,2.19,NA,NA,"no","no",36.11000061,0.201722,20,9,0.201722,20,9,1.95690675598073,0.83,5.88235294117647,4.87480009103573,0.976348638224884,NA,1.35,0.73878,0.67443,1.518,4.2,0.918,NA,NA,NA,NA,5.997574646,0.693147181,NA,4.668329238,NA,NA,NA,NA,NA,NA,NA,NA,0.654034501
"CO","BREEVTN25","CO_BREEVTN25",2.88,51.8778,2.35,NA,NA,"no","no",31.46999931,0.0124,11,5,0.0124,11,5,1.3896811919839,0.710743801652893,3.45714285714286,2.67913042728664,0.325322580645161,NA,1.909,0.54872,0.50203,3.465,4.181818182,0.573,NA,NA,NA,NA,NA,NA,NA,NA,NA,NA,NA,NA,NA,NA,NA,NA,0.427424131
"CO","BREEVTN12","CO_BREEVTN12",3.2883,52.8367,2.64,NA,NA,"no","yes",34.36999893,0.192171,44,16,0.192171,44,16,2.1407965354398,0.784090909090909,4.63157894736842,4.62139311393245,0.936384782303261,NA,0.614,0.9462,0.862,1.401,5.272727273,1.362,NA,NA,NA,NA,NA,NA,NA,NA,NA,NA,NA,NA,NA,NA,NA,NA,0.750374564
"CO","BREEVTN23","CO_BREEVTN23",3.1928,51.9353,2.91,NA,NA,"no","yes",29.19000053,0.119027,7,3,0.119027,7,3,0.796311640173813,0.448979591836735,1.81481481481481,5.47722847508223,1,NA,1.5,0.45689,0.41942,1.392,NA,0.353,5.9375,0.693147181,NA,4.897036008,5.972748622,0.693147181,NA,4.762842985,5.885778087,0.693147181,NA,5.093943562,NA,NA,NA,NA,0.436100545
"CO","BREEVTN20","CO_BREEVTN20",4.1639,52.3856,2.97,NA,NA,"no","yes",22.20000076,0.131476,34,9,0.131476,34,9,1.8697158295116,0.818339100346021,5.5047619047619,3.76327835838585,0.791383978825033,NA,1.324,0.72918,0.66573,1.373,5.176470588,0.78,NA,NA,NA,NA,5.657003833,0.693147181,NA,4.789800371,NA,NA,NA,NA,NA,NA,NA,NA,0.657725908
"CO","BREEVTN18","CO_BREEVTN18",3,52,3.27,NA,NA,"no","yes",34.52000046,0.089514,18,12,0.089514,18,12,2.35125728412732,0.888888888888889,9,2.7281871788509,0.383733270773287,NA,1.406,0.84634,0.77143,2.388,5.111111111,1.308,6.807692308,1.082822682,13.5,4.981928616,NA,NA,NA,NA,6.919251204,1.135808572,13.32634233,4.985648334,7.299617562,1.300759644,13.37372683,5.082955201,0.694310717
"CO","WALCRN30","CO_WALCRN30",3.1136,51.7183,3.61,NA,NA,"no","yes",24.56999969,0.192693,13,6,0.192693,13,6,1.5193826646423,0.733727810650888,3.75555555555556,15,0.987249147607853,NA,0.808,0.65703,0.60141,1.482,6,0.67,NA,NA,NA,NA,5.998478049,0.693147181,NA,5.051527007,5.845747858,0.693147181,NA,5.014115343,5.657741599,0.693147181,NA,5.321183025,0.612460765
"DB","A","DB_A",2.028,55.05,0.14,NA,NA,"yes","no",30,2.066,33,17,2.066,33,17,2.44546328586787,0.870523415977961,7.72340425531915,3.44991233610095,0.00613101000322685,0.71967655,1.031,0.76587,0.69701,1.417,4.848484848,0.977,7.396226415,1.301780666,10.47058824,4.358705664,6.6363974,0.929973695,11.17266187,4.426921676,7.63615358,1.35194342,11.44929296,4.502193694,NA,NA,12.77665853,NA,0.530020896
"DB","F","DB_F",1.98,54.992,0.2,NA,NA,"yes","no",26,4.67,80,22,4.67,80,22,2.68571673137629,0.904375,10.4575163398693,8.01451294134541,0.487615765668749,0.261520048,1.382,0.81234,0.73971,0.4,4.15,1.023,6.942857143,1.196781473,10.25,4.693637525,8.354941258,1.7500086,9.390181889,3.524812741,7.287809001,1.363207989,10.45599487,4.821722602,7.850680462,1.552989188,11.61113922,5.155654014,0.665912089
"DB","G","DB_G",1.722,55.048,0.25,NA,NA,"yes","no",28,9.792,64,24,9.792,64,24,2.58567491468393,0.86181640625,7.23674911660777,6.6169010433158,0.224142661179698,0.061048186,0.363,0.87255,0.79474,0.268,5.650793651,1.181,8.095238095,1.660731484,9.8125,4.047967552,8.187759255,1.619091311,8.898171501,3.816611715,7.63671782,1.476162828,9.530315843,4.493981515,7.646351412,1.450932537,10.66717868,5.168327839,0.701620498
"DB","D","DB_D",1.933,55.047,0.27,NA,NA,"yes","no",29,6.414,91,23,6.414,91,23,2.4134122247523,0.853037072817293,6.80443714050945,8.41829439326039,0.37945034353529,0.724740579,0.558,0.82559,0.75205,0.859,4.263736264,1.041,6.774509804,1.194844404,10.40740741,5.314896942,8.071832024,1.588884284,11.04771544,3.870405935,7.585028601,1.477644024,10.3792753,4.588954038,NA,NA,NA,NA,0.683117646
"DB","C","DB_C",1.884,54.993,0.6,NA,NA,"no","no",25,1.415,28,13,1.415,28,13,2.24200529548255,0.849489795918367,6.64406779661017,3.93114217142376,0,0.842666667,1.154,0.69392,0.63124,0.477,4.428571429,0.769,6.490196078,0.937402787,10.66666667,4.69043304,6.731650029,0.785493449,8.701030928,4.522450543,6.803998141,1.069064063,10.66666667,4.660795229,NA,NA,NA,NA,0.494977452
"DB","E","DB_E",1.795,55.072,3.68,NA,NA,"no","yes",28,0.644,14,10,0.644,14,10,2.14395220064387,0.857142857142857,7,6.08116543756224,0.211180124223602,0.689516129,1.5,0.65618,0.59664,1.738,4.571428571,0.728,6.47826087,0.946612719,13,4.857415283,6.851010101,1.058453938,12.43396226,4.336090621,6.719162812,1.055748347,13,4.846920624,NA,NA,13.25455205,NA,0.332859405
"DB","B","DB_B",1.798,55.009,4.94,NA,NA,"no","yes",25,1.559,75,21,1.559,75,21,2.42443973355446,0.865422222222222,7.43064729194187,3.83170390591669,0.0378447722899294,0.502806736,1.093,0.79033,0.71978,1.426,4.72,0.989,6.5625,1.036775138,10.64705882,5.196189962,7.84069349,1.384591388,10.94237918,4.247532685,7.290561294,1.294457684,10.67229764,4.906220768,NA,NA,NA,NA,0.656541029
"FC","FC126","FC_FC126",-45.1152,48.6602,0,NA,NA,"yes","no",989,2.61,NA,12,2.61,NA,12,1.40535843001888,0.665873959571938,2.99288256227758,51.0174510863328,0.517241379310345,0.943319838,NA,NA,NA,0.942,NA,NA,NA,NA,NA,NA,NA,NA,NA,NA,NA,NA,NA,NA,NA,NA,NA,NA,NA
"FC","FC135","FC_FC135",-44.6353,48.4157,0,NA,NA,"yes","no",842,0.92,NA,14,0.92,NA,14,1.50347502757153,0.680765595463138,3.13249444855662,22.2004202089138,0.0108695652173913,0.180722892,NA,NA,NA,0.049,NA,NA,NA,NA,NA,NA,NA,NA,NA,NA,NA,NA,NA,NA,12.7653377,2.68684154,12.7653377,1.559989873,NA
"FC","FC146","FC_FC146",-45.817,48.4647,0,NA,NA,"yes","no",1170,10.94,NA,21,10.94,NA,21,1.76291971963344,0.785808581961104,4.66872113344152,65.3520246445778,0.702010968921389,0.232387923,NA,NA,NA,0.552,NA,NA,NA,NA,NA,NA,NA,NA,NA,NA,NA,NA,NA,NA,NA,NA,NA,NA,NA
"FC","FC156","FC_FC156",-46.4413,47.9413,0,NA,NA,"yes","no",1178,2.75,NA,18,2.75,NA,18,1.23564569158101,0.531014876033058,2.13226379451321,75,0.76,0.944649446,NA,NA,NA,1.158,NA,NA,NA,NA,NA,NA,NA,NA,NA,NA,NA,NA,NA,NA,NA,NA,NA,NA,NA
"FC","FC157","FC_FC157",-46.3117,47.8437,0,NA,NA,"yes","no",1168,13.22,NA,41,13.22,NA,41,2.56468163029626,0.897725218060015,9.77758134538782,39.0773915434871,0.285930408472012,0.480650155,NA,NA,NA,0.218,NA,NA,NA,NA,NA,NA,NA,NA,NA,NA,NA,NA,NA,NA,NA,NA,NA,NA,NA
"FC","FC160","FC_FC160",-46.4213,47.4775,0,NA,NA,"yes","no",1094,2.45,NA,12,2.45,NA,12,1.1531602203615,0.499425239483549,1.99770359769694,31.5980305820714,0.0816326530612245,0.928888889,NA,NA,NA,0,NA,NA,NA,NA,NA,NA,NA,NA,NA,NA,NA,NA,NA,NA,NA,NA,NA,NA,NA
"FC","FC123","FC_FC123",-45.7508,48.2918,0.04,NA,NA,"no","no",1043,1.64,NA,25,1.64,NA,25,1.68802229333985,0.680472932778108,3.12962531999069,26.5707723061827,0.0792682926829268,0.724832215,NA,NA,NA,0.172,NA,NA,NA,NA,NA,NA,NA,NA,NA,NA,NA,NA,NA,NA,NA,NA,NA,NA,NA
"FC","FC127","FC_FC127",-45.006,48.5287,0.08,NA,NA,"no","no",840,1.65,NA,9,1.65,NA,9,0.548560500614497,0.224132231404959,1.28887942053686,5.47722846380001,0,0.030864198,NA,NA,NA,0,NA,NA,NA,NA,NA,NA,NA,NA,NA,NA,NA,NA,NA,NA,NA,NA,NA,NA,NA
"FC","FC158","FC_FC158",-46.1692,47.8933,0.09,NA,NA,"no","no",1114,4.6,NA,15,4.6,NA,15,1.29194367653246,0.563317580340265,2.28999372307959,31.2779241852404,0.0760869565217391,0.214442013,NA,NA,NA,0.007,NA,NA,NA,NA,NA,NA,NA,NA,NA,NA,NA,NA,NA,NA,NA,NA,NA,NA,NA
"FC","FC151","FC_FC151",-46.2852,48.235,0.13,NA,NA,"no","no",1117,1.15,NA,13,1.15,NA,13,1.44669628072082,0.679773156899811,3.12278630460449,5.47722846380001,0,0.052173913,NA,NA,NA,0,NA,NA,NA,NA,NA,NA,NA,NA,NA,NA,NA,NA,NA,NA,NA,NA,NA,NA,NA
"FC","FC161","FC_FC161",-46.2667,47.593,0.13,NA,NA,"no","no",1134,3.06,NA,11,3.06,NA,11,1.49778837272021,0.691763851510103,3.24426581664472,41.0870135527009,0.300653594771242,0.811447811,NA,NA,NA,0.457,NA,NA,NA,NA,NA,NA,NA,NA,NA,NA,NA,NA,NA,NA,NA,NA,NA,NA,NA
"FC","FC154","FC_FC154",-45.9513,48.063,0.16,NA,NA,"no","no",887,0.62,NA,14,0.62,NA,14,1.21447841305117,0.551508844953174,2.22969837587007,5.47722846380001,0,0.129032258,NA,NA,NA,0,NA,NA,NA,NA,NA,NA,NA,NA,NA,NA,NA,NA,NA,NA,NA,NA,NA,NA,NA
"FC","FC137","FC_FC137",-44.5317,48.5565,0.17,NA,NA,"no","no",1236,1.31,NA,11,1.31,NA,11,0.814434783684254,0.34683293514364,1.53100187349451,5.47722846380001,0,0.007633588,NA,NA,NA,0,NA,NA,NA,NA,NA,NA,NA,NA,NA,NA,NA,NA,NA,NA,NA,NA,NA,NA,NA
"FC","FC153","FC_FC153",-45.8828,48.1997,0.17,NA,NA,"no","no",953,2.37,NA,17,2.37,NA,17,1.00450236872093,0.406629991632395,1.68528908758139,24.4642632296194,0.029535864978903,0.827272727,NA,NA,NA,0.027,NA,NA,NA,NA,NA,NA,NA,NA,NA,NA,NA,NA,NA,NA,NA,NA,NA,NA,NA
"FC","FC148","FC_FC148",-45.9562,48.3993,0.21,NA,NA,"no","no",1131,0.03,NA,7,0.03,NA,7,0.636514168294813,0.444444444444444,1.8,5.47722846380001,0,0.333333333,NA,NA,NA,0,NA,NA,NA,NA,NA,NA,NA,NA,NA,NA,NA,NA,NA,NA,NA,NA,NA,NA,NA
"FC","FC125","FC_FC125",-45.0267,48.7328,0.25,NA,NA,"no","no",1221,2.09,NA,5,2.09,NA,5,0.0843017872194827,0.0283876284883585,1.02921703070144,5.47722846380001,0,0.004784689,NA,NA,NA,0,NA,NA,NA,NA,NA,NA,NA,NA,NA,NA,NA,NA,NA,NA,NA,NA,NA,NA,NA
"FC","FC140","FC_FC140",-45.1413,48.7993,0.29,NA,NA,"no","no",1134,2.26,NA,10,2.26,NA,10,0.314783705020171,0.118803351867805,1.13482047635976,5.47722846380001,0,0.004424779,NA,NA,NA,0,NA,NA,NA,NA,NA,NA,NA,NA,NA,NA,NA,NA,NA,NA,NA,NA,14,NA,NA
"FC","FC150","FC_FC150",-46.3312,48.4037,0.29,NA,NA,"no","no",1179,0.22,NA,12,0.22,NA,12,0.755982915544612,0.458677685950413,1.84732824427481,5.47722846380001,0,0,NA,NA,NA,0,NA,NA,NA,NA,NA,NA,NA,NA,NA,NA,NA,NA,NA,NA,NA,NA,NA,NA,NA
"FC","FC129","FC_FC129",-44.6308,48.508,0.46,NA,NA,"no","no",957,1.44,NA,13,1.44,NA,13,1.11879344772791,0.538194444444444,2.16541353383459,60.4384879584501,0.652777777777778,0.928571429,NA,NA,NA,0.971,NA,NA,NA,NA,NA,NA,NA,NA,NA,NA,NA,NA,NA,NA,13,2.079441542,13,1.615218305,NA
"FC","FC159","FC_FC159",-46.0503,47.8352,0.66,NA,NA,"no","no",908,0.38,NA,12,0.38,NA,12,1.47718207422644,0.666204986149584,2.99585062240664,20.4562398844486,0.0263157894736842,0.026315789,NA,NA,NA,0.081,NA,NA,NA,NA,NA,NA,NA,NA,NA,NA,NA,NA,NA,NA,NA,NA,8,NA,NA
"FC","FC141","FC_FC141",-45.202,48.8897,1.24,NA,NA,"no","no",1221,1.53,NA,8,1.53,NA,8,0.5914852083393,0.268358323721646,1.36678928008408,5.47722846380001,0,0.006535948,NA,NA,NA,0,NA,NA,NA,NA,NA,NA,NA,NA,NA,NA,NA,NA,NA,NA,NA,NA,NA,NA,NA
"FC","FC124","FC_FC124",-45.6113,48.361,1.54,NA,NA,"no","yes",786,0.47,NA,11,0.47,NA,11,1.63355712414289,0.752376641014033,4.03839122486289,40.9753969349043,0.297872340425532,0.063829787,NA,NA,NA,0,NA,NA,NA,NA,NA,NA,NA,NA,NA,NA,NA,NA,NA,NA,7,1.216395324,8,3.962541068,NA
"FC","FC149","FC_FC149",-46.0727,48.4022,1.8,NA,NA,"no","yes",1061,0.26,NA,13,0.26,NA,13,1.4528385128811,0.683431952662722,3.1588785046729,28.6613547648175,0.0384615384615385,0.230769231,NA,NA,NA,0.065,NA,NA,NA,NA,NA,NA,NA,NA,NA,NA,NA,NA,NA,NA,NA,NA,NA,NA,NA
"FC","FC143","FC_FC143",-45.3553,48.7648,2.08,NA,NA,"no","yes",1196,1.78,NA,9,1.78,NA,9,0.0855285935357971,0.0331397550814292,1.03427564144415,5.47722846380001,0,0.016853933,NA,NA,NA,0,NA,NA,NA,NA,NA,NA,NA,NA,NA,NA,NA,NA,NA,NA,NA,NA,NA,NA,NA
"FC","FC144","FC_FC144",-45.5907,48.6575,2.76,NA,NA,"no","yes",974,1.16,NA,8,1.16,NA,8,0.99604986749488,0.537901307966706,2.16403988420714,39.7530789012824,0.267241379310345,0.327586207,NA,NA,NA,0,NA,NA,NA,NA,NA,NA,NA,NA,NA,NA,NA,NA,NA,NA,14,2.772588722,14,1.100642416,NA
"FC","FC147","FC_FC147",-45.8575,48.5615,12.15,NA,NA,"no","yes",1081,0.6,NA,5,0.6,NA,5,0.230340951760613,0.0961111111111111,1.10633066994468,75,0.95,0.033333333,NA,NA,NA,0,NA,NA,NA,NA,NA,NA,13.5,2.838255757,13.5,1.5,NA,NA,NA,NA,13.5,2.838255757,13.5,1.5,NA
"FG","H","FG_H",0.449,58.102,0.14,NA,NA,"yes","no",146,3.581,160,29,3.581,160,29,2.90074692925056,0.92671875,13.6460554371002,3.47044928324595,0.188843898352416,0.415805641,1.8,0.85946,0.78315,1.137,3.275,0.986,NA,NA,NA,NA,8.254657024,1.494771663,13.01014199,3.735588607,NA,NA,NA,NA,9.882808276,2.066295373,11.34916261,3.244745479,0.698349625
"FG","L","FG_L",0.422,57.985,0.16,NA,NA,"yes","no",143,3.413,199,32,3.413,199,32,2.99695783885679,0.934577031101033,15.2851516345018,2.92029247016426,0.110460005859947,0.322104019,1.763,0.8911,0.81211,0.728,3.076142132,1.014,NA,NA,NA,NA,7.309119415,1.243158888,10.59791123,4.176944794,NA,NA,NA,NA,NA,NA,11.06818807,NA,0.751677261
"FG","G","FG_G",0.385,58.083,0.32,NA,NA,"yes","no",145,3.081,165,27,3.081,165,27,2.67993167810475,0.89821854912764,9.82497293395886,2.39510338720633,0.00389483933787731,0.393159379,1.941,0.81971,0.74699,1.041,3.236363636,0.91,NA,NA,NA,NA,6.195097648,0.782120655,11.41798942,4.649363401,NA,NA,NA,NA,9.661860385,1.990149377,12.27943098,3.403106546,0.656164743
"FG","B","FG_B",0.52,58.23,0.35,NA,NA,"yes","no",148,3.961,164,31,3.961,164,31,2.94875582875174,0.931290898274836,14.5541125541126,3.66386979206256,0.240154001514769,0.425688073,2.078,0.86475,0.78816,0.744,3.109756098,1.051,NA,NA,NA,NA,8.264298615,1.513491692,12.34994463,3.727649742,NA,NA,NA,NA,9.634274376,2.004649792,11.21881421,3.335412469,0.692239945
"FG","I","FG_I",0.565,58.088,0.59,NA,NA,"no","no",151,5.288,221,22,5.288,221,22,2.57271217280971,0.893552548064126,9.39430659742258,4.11509036448263,0.291414523449319,0.450349915,2.175,0.73286,0.66737,0.517,3.140271493,0.695,NA,NA,NA,NA,7.974632637,1.359424389,12.33544612,3.823445639,NA,NA,NA,NA,9.659410753,1.956604438,13.32355025,3.807620565,0.661176164
"FG","N","FG_N",0.618,58.018,0.67,NA,NA,"no","no",150,5.373,223,28,5.373,223,28,2.88144318439185,0.927989704196746,13.8869030996928,2.43106881831512,0.0117252931323283,0.237495153,1.916,0.85085,0.77532,1.298,3.076233184,0.892,NA,NA,NA,NA,7.014436959,1.184973688,9.822790922,4.355568525,8.378863973,1.643398664,11.96176345,4.07255872,9.218610069,1.892395796,12.62921271,3.926487341,0.709231008
"FG","M","FG_M",0.728,58.076,0.88,NA,NA,"no","no",150,2.839,245,22,2.839,245,22,2.54498515742105,0.881699291961683,8.45303478383326,2.14456934439908,0.00845368087354702,0.194837341,2.47,0.72197,0.65758,0.684,2.702040816,0.682,NA,NA,NA,NA,6.657894737,0.998598914,10.86830357,4.623696411,NA,NA,NA,NA,8.541764716,1.748938563,10.14323909,3.832670565,0.658577463
"FG","F","FG_F",0.835,58.109,0.9,NA,NA,"no","no",150,4.274,184,28,4.274,184,28,2.70060008112309,0.900992438563327,10.1002386634845,3.28077212091834,0.192559663079083,0.380304807,2.22,0.79936,0.72848,0.786,3.065217391,0.925,NA,NA,NA,NA,7.306811209,1.226665671,11.42353823,4.258957142,NA,NA,NA,NA,9.907656464,2.030286026,12.72513384,3.375970406,0.678767117
"FG","C","FG_C",0.719,58.231,1.16,NA,NA,"no","no",151,3.033,162,32,3.033,162,32,2.88982519542285,0.920896204846822,12.6416184971098,4.01748579314829,0.248928453676228,0.475987193,2.368,0.84247,0.76807,0.928,2.50617284,1.089,NA,NA,NA,NA,8.848948375,1.740862118,11.7015873,3.461559,NA,NA,NA,NA,NA,NA,NA,NA,0.668088886
"FG","K","FG_K",0.511,58.172,1.18,NA,NA,"no","yes",148,2.948,170,27,2.948,170,27,2.5365887436689,0.850588235294118,6.69291338582677,2.88698361930829,0.00610583446404342,0.274456522,2.527,0.77234,0.70411,1.079,3.094117647,0.904,NA,NA,NA,NA,NA,NA,NA,NA,NA,NA,NA,NA,7.840868839,1.521079081,10.89362961,5.417388854,0.646721395
"FG","J","FG_J",0.618,58.176,1.31,NA,NA,"no","yes",150,2.504,267,26,2.504,267,26,2.26212089653385,0.80391768895924,5.09989909182644,2.64191930561757,0.0858626198083067,0.284762328,3.058,0.66244,0.60387,0.821,2.378787879,0.768,NA,NA,NA,NA,7.360734238,1.291638561,10.36277974,4.21422117,NA,NA,NA,NA,8.793566529,1.818925797,10.74659289,3.78190928,0.573796611
"FG","E","FG_E",0.899,58.259,1.33,NA,NA,"no","yes",150,2.877,143,29,2.877,143,29,2.8531158888736,0.915839405349895,11.8820453224869,2.88701668355816,0.00347584289190129,0.238367931,2.474,0.83302,0.75931,1.232,2.643356643,1.008,NA,NA,NA,NA,NA,NA,NA,NA,NA,NA,NA,NA,NA,NA,NA,NA,0.646223298
"FG","O","FG_O",0.816,58.173,1.38,NA,NA,"no","yes",153,2.128,154,25,2.128,154,25,2.66629986542399,0.901416765053129,10.1437125748503,2.09982583865372,0.00599154135338346,0.205937795,2.108,0.78574,0.71588,0.743,3.194805195,0.851,NA,NA,NA,NA,6.247418422,0.933250996,9.523952096,5.007379024,NA,NA,NA,NA,9.192960345,1.862509677,12.28804091,3.818132679,0.645953311
"FG","D","FG_D",0.769,58.257,3,NA,NA,"no","yes",151,2.369,154,28,2.369,154,28,2.553426635782,0.870605322739118,7.72829316606141,2.20993772752465,0.00379907133811735,0.110243056,2.643,0.74357,0.67771,0.719,2.77124183,0.923,NA,NA,NA,NA,6.282720588,0.917604437,9.326815642,4.932590646,7.713613335,1.464106041,10.57332863,4.49724568,9.092348019,1.844555147,11.17802139,3.575648084,0.612262738
"Finland","AMN","Finland_AMN",23.2572,59.6905,NA,NA,10.3,"yes","no",55,162.17,2303.572,6,162.17,2303.572,6,0.723960305093317,0.348657341835474,1.53529020011983,2.93456400570158,0.46572732317938,0.085872849,1.703,0.97644,0.87613,2.86,5.317829875,2.628,NA,NA,NA,NA,NA,NA,NA,NA,NA,NA,NA,NA,NA,NA,NA,NA,0.76586274
"Finland","LL11","Finland_LL11",23.2968,59.5835,NA,NA,8.6,"yes","no",68,3.794,35.714,1,3.794,35.714,1,0,0,1,1.73205070345562,0,0,3,0.28818,0.26412,3,2,0,NA,NA,NA,NA,NA,NA,NA,NA,NA,NA,NA,NA,NA,NA,NA,NA,0.080357143
"Finland","LL3A","Finland_LL3A",26.3467,60.0672,NA,NA,4.1,"no","no",69,0.585,285.714,1,0.585,285.714,1,0,0,1,1.73205070345562,0,1,1.5,0.40111,0.36917,1.5,6,0,NA,NA,NA,NA,NA,NA,NA,NA,NA,NA,NA,NA,NA,NA,NA,NA,0.529811508
"Finland","LL4A","Finland_LL4A",26.0802,60.0168,NA,NA,8.7,"yes","no",59,333.892,2383.928,3,333.892,2383.928,3,0.673364092327999,0.431314687043036,1.75844175542419,4.38608723566519,0.949076348040684,0.034028967,1.955,0.75171,0.67951,2.949,4.79,1.047,NA,NA,NA,NA,NA,NA,NA,NA,NA,NA,NA,NA,NA,NA,NA,NA,0.744217252
"Finland","LL5","Finland_LL5",25.597,59.9168,NA,NA,3.3,"no","yes",70,0.837,223.214,1,0.837,223.214,1,0,0,1,1.73205070345562,0,1,1.5,0.40111,0.36917,1.5,6,0,NA,NA,NA,NA,NA,NA,NA,NA,NA,NA,NA,NA,NA,NA,NA,NA,0.517573696
"Finland","LL6A","Finland_LL6A",25.0302,59.9168,NA,NA,3.6,"no","yes",73,0.753,330.358,2,0.753,330.358,2,0.1242552349477,0.0525954553440529,1.05551530826058,1.73205070345562,0,1,1.5,0.51172,0.46665,1.5,6,0.702,NA,NA,NA,NA,NA,NA,NA,NA,NA,NA,NA,NA,NA,NA,NA,NA,0.534066854
"Finland","LL7","Finland_LL7",24.8378,59.8465,NA,NA,4,"no","yes",76,1.896,116.072,2,1.896,116.072,2,0.271197606934192,0.142017441916751,1.16552485895986,1.73205070345562,0,0.876054852,1.385,0.57671,0.52539,1.314,6,0.856,NA,NA,NA,NA,NA,NA,NA,NA,NA,NA,NA,NA,6,0.693147181,NA,5.889595903,0.501180992
"Finland","LL9","Finland_LL9",24.0302,59.7002,NA,NA,8.4,"yes","no",67,2.096,71.429,2,2.096,71.429,2,0.376780377097427,0.218757874897626,1.28001290236232,1.73205070345562,0,0.429389313,1.688,0.59414,0.54038,2.356,5.5,0.953,NA,NA,NA,NA,NA,NA,NA,NA,NA,NA,NA,NA,NA,NA,NA,NA,0.37975242
"Gotland","GO 10","Gotland_GO 10",19.0921,57.4322,0,NA,NA,"yes","no",49,120.357615641,2579,10,120.357615641,2579,10,1.5853628854396,0.734030235861247,3.75982587057646,3.93293132324498,0.809320347501283,0.810465593,1.744,0.97476,0.87375,2.782,4.48003102,1.084,NA,NA,NA,NA,NA,NA,NA,NA,NA,NA,NA,NA,NA,NA,NA,NA,0.845729698
"Gotland","GO 14","Gotland_GO 14",18.9425,57.3511,0,NA,NA,"yes","no",36.5,71.931742168,6818,9,71.931742168,6818,9,1.59404432604879,0.761218578227306,4.18793050387287,3.56470868514548,0.698922426660834,0.707064412,1.88,0.92938,0.83348,2.479,3.93135817,0.858,NA,NA,NA,NA,NA,NA,NA,NA,NA,NA,NA,NA,NA,NA,NA,NA,0.83821346
"Gotland","GO 17","Gotland_GO 17",18.9856,57.2696,0,NA,NA,"yes","no",58,64.30234104,1382,8,64.30234104,1382,8,1.12596084541066,0.585323813931863,2.4115202020202,3.32923479142139,0.653138297155845,0.654357061,2.072,0.78949,0.7087,2.67,4.327062229,0.916,NA,NA,NA,NA,NA,NA,NA,NA,NA,NA,NA,NA,6,0.693147181,NA,5.889595903,0.719690982
"Gotland","IVB 1","Gotland_IVB 1",19.1168,57.4334,0,NA,NA,"yes","no",45,93.992462402,1080,9,93.992462402,1080,9,1.39822416207437,0.683412208504801,3.15868149961546,3.11068842793032,0.473210564457492,0.444121236,2.197,0.86994,0.77976,2.926,3.766666667,1.084,NA,NA,NA,NA,NA,NA,NA,NA,NA,NA,NA,NA,NA,NA,NA,NA,0.771264349
"Gotland","GO 13","Gotland_GO 13",19.1261,57.3933,0.42,NA,NA,"no","no",59,75.813229661,1692,7,75.813229661,1692,7,0.93356326516789,0.492144928994182,1.96906569825025,2.63834277066851,0.30259276240544,0.303865007,1.917,0.72824,0.65484,2.761,4.85106383,0.764,NA,NA,NA,NA,NA,NA,NA,NA,NA,NA,NA,NA,NA,NA,NA,NA,0.687996877
"Gotland","GO 4","Gotland_GO 4",18.944,57.2723,0.6,NA,NA,"no","no",53,56.930486744,1960,6,56.930486744,1960,6,0.889893737257592,0.441087567680133,1.78918904317322,2.53374643872387,0.242236113525824,0.242236114,1.41,0.71843,0.64764,2.366,5.573469388,0.624,NA,NA,NA,NA,NA,NA,NA,NA,NA,NA,NA,NA,NA,NA,NA,NA,0.714515757
"Gotland","GO 3","Gotland_GO 3",18.8827,57.2088,4.67,NA,NA,"no","yes",51,38.146566211,1550,5,38.146566211,1550,5,0.276644870773962,0.104448699271592,1.116630615339,1.74844103061018,0.000483017551254372,0.000483018,1.548,0.55619,0.50299,2.29,5.827096774,0.515,NA,NA,NA,NA,NA,NA,NA,NA,NA,NA,NA,NA,NA,NA,NA,NA,0.567863148
"Gotland","3129","Gotland_3129",18.8241,57.1626,5.35,NA,NA,"no","yes",44.5,16.500000117,1056,6,16.500000117,1056,6,0.97504802772679,0.507541681014692,2.03062870794926,1.98930770132669,0.0224354085075792,0.022435409,1.452,0.73247,0.66009,2.336,5.397727273,0.68,NA,NA,NA,NA,NA,NA,NA,NA,NA,NA,NA,NA,NA,NA,NA,NA,0.730176275
"NIC1","Dem2016_107","NIC1_Dem2016_107",-3.3316,43.4721,0,NA,NA,"yes","no",71.09806824,159675.86,332.52,6,37115.43,166.26,3,0.683660874405979,0.370316904173647,1.58810043755052,5.28091756128199,0,0.231979587,0,0.60443,0.55302,0,NA,0.336,9.806492169,1.386294361,9.806492169,2.599096911,9.998256049,1.386294361,9.998256049,2.518282399,9.372476759,1.386294361,9.372476759,2.781959635,9.587138688,1.386294361,9.587138688,2.689930422,NA
"NIC1","Dem2016_58","NIC1_Dem2016_58",-8.503,43.4456,0,NA,NA,"yes","no",100.1472855,17832.58,680.35,13,14269.65,483.4,9,1.89079472308799,0.801090809839078,5.02741979488719,15,0.734783055156221,0.014056295,0.065,0.75124,0.69368,0.002,6,1.113,9.098116307,1.845365572,9.437566181,3.324061176,8.830017131,1.420970521,8.933106706,3.117779407,8.987504149,1.820962669,9.792872134,3.883734054,8.905131221,1.74109668,9.651014952,3.7997588,NA
"NIC1","Dem2016_100","NIC1_Dem2016_100",-4.8461,43.5734,0.07,NA,NA,"yes","no",146.3106079,230365.58,2345.07,11,228837.74,2291.77,10,1.5327143300042,0.718712960404902,3.55508736356806,7.83101146509087,0.324043097087045,0.920027766,0,0.73858,0.68138,0,6,1,9.279664938,1.626496819,9.28612455,2.785127492,10.31422213,1.745570414,10.32919262,2.389946736,9.975436401,1.944168889,10.08988112,2.573119847,10.05820471,1.946558228,10.24885334,2.56672428,NA
"NIC1","Dem2016_129","NIC1_Dem2016_129",-2.2967,43.3916,0.96,NA,NA,"no","no",105.8753357,161854.7,1193.95,13,10275.34,922.6,8,1.1451661092139,0.505955079211621,2.02410744027939,15,0.759227002078025,0.055884692,0,0.68885,0.63382,0,5.529416865,0.881,8.784605376,1.718392179,8.784605376,3.001656228,11.12716469,2.175646574,11.12716469,2.061806708,10.47516405,2.208356668,10.47516405,2.455351584,10.73544503,2.21302005,10.73544503,2.339698609,NA
"NIC1","Dem2016_49","NIC1_Dem2016_49",-7.9122,43.839,1.1,NA,NA,"no","no",132.5230865,211994.24,2285.9,25,124330.03,1886.77,19,2.38132723561841,0.869077532214337,7.63810839280181,12.1177259327224,0.657768168887539,0.519092485,0.467,0.85218,0.79209,0.061,5.884607027,2.052,8.978320197,1.714405027,10.20549616,3.897900848,10.75626196,1.984295858,10.82845976,2.250052001,7.960886082,1.464410021,9.508676781,4.671024537,8.156648755,1.477060791,9.680478509,4.495220762,NA
"NIC1","Dem2016_118","NIC1_Dem2016_118",-3.7791,43.6425,1.2,NA,NA,"no","no",179.2476044,85592.06,15158.92,14,63761.81,14931.89,11,0.368792630821034,0.123839694882058,1.14134364928275,10.0784847392844,0.506701344246977,0.536013037,0.021,0.65585,0.60252,0.072,2.257309691,0.894,13.41409517,2.769263843,13.52508461,1.379487814,10.78103123,2.059237126,10.84728681,2.256510244,9.360582398,1.834550417,9.844300086,3.263032878,9.435412943,1.777920969,9.884851518,3.164416125,NA
"NIC1","Dem2016_115","NIC1_Dem2016_115",-4.1268,43.4685,1.23,NA,NA,"no","no",83.51725769,99699.16,1010.55,9,2887.22,180.47,5,1.35929664785899,0.680026595130526,3.12525973965845,10.1984095254667,0.5406238527026,0,0.45,0.63717,0.58617,0.15,6,0.662,7.03859679,1.141111956,8.250041558,5.445943208,7.678314483,1.222415644,8.551869796,4.644331855,6.991068859,1.087984327,8.521134634,5.847659979,6.963517043,1.079325363,8.540063265,5.909330961,NA
"NIC1","Dem2016_3","NIC1_Dem2016_3",-9.1284,42.0383,1.7,NA,NA,"no","no",132.5754242,54377.26,2025.47,10,1459.77,620.42,8,1.35107223988378,0.610735288054829,2.56894593656579,3.61337729628585,0.0599982463062826,0,1.103,0.60913,0.56215,1.35,5.757543551,0.936,9.147666555,1.589092626,9.445762052,3.201553818,8.32181316,1.413038081,9.096548153,3.982418117,8.143000389,1.466943298,9.436010109,4.488775645,7.728593732,1.372212897,9.28696741,4.942583037,NA
"NIC1","Dem2016_116","NIC1_Dem2016_116",-3.8926,43.5468,1.71,NA,NA,"no","no",101.6205597,143604.31,2255.84,18,77487.63,1705.63,14,1.83837367740064,0.750142285668759,4.00227786713154,7.85151065965287,0.343431977465306,0.409450872,0.472,0.76032,0.7042,0.065,6,1.502,9.156800833,1.397079611,9.629774074,3.330223026,10.2208801,1.782226885,10.31757986,2.515736482,8.449521289,1.466466219,9.606725783,4.263698881,8.764465247,1.568772898,9.744186465,3.949229049,NA
"NIC1","Dem2016_92","NIC1_Dem2016_92",-5.3745,43.7601,1.72,NA,NA,"no","no",146.2373047,141985.83,12984.14,21,99461.52,12751.96,17,1.27193115095569,0.495642905312915,1.98272218341733,7.73440665233492,0.280419956368431,0.439874247,0.136,0.7751,0.71708,0.242,3.130563593,1.455,12.0107827,2.652088962,12.57846344,2.097420608,10.55195481,1.976033139,10.7842636,2.41830252,9.875766251,2.047105293,10.61780409,3.079059169,9.934722687,2.00945763,10.61735829,2.97828177,NA
"NIC1","Dem2016_72","NIC1_Dem2016_72",-6.9783,43.7382,1.78,NA,NA,"no","no",130.6153717,38641.78,2545.6,8,18148.82,2399.09,6,0.581691193959048,0.259892111167521,1.35115435882936,7.56004762735988,0.420787136574168,0.305687264,0.163,0.61144,0.56049,0.256,6,0.552,8.097185311,1.391088917,8.176627768,3.363398095,9.895757211,1.835379634,9.970930456,2.628633187,8.265379059,1.405505254,9.163600746,4.333957478,8.701718825,1.503731906,9.579398392,4.062650685,NA
"NIC1","Dem2016_108","NIC1_Dem2016_108",-3.3093,43.5719,2.04,NA,NA,"no","no",197.7997589,55357.54,921.69,15,17807.31,737.36,11,2.09825308492411,0.851247423077812,6.72257261481322,8.59182767618423,0.414596589827436,0.10656001,0.846,0.71903,0.66616,0.142,6,1.302,7.402401429,1.216490221,8.573731858,4.997512049,9.197236019,1.394707017,9.430628089,3.113525216,7.71657354,1.253428194,8.920739485,4.922634582,8.117125673,1.309072444,9.145650621,4.512823682,NA
"NIC1","Dem2016_96","NIC1_Dem2016_96",-5.3988,43.6307,2.37,NA,NA,"no","no",128.5036469,37612.91,1839.76,8,15015.43,1430.92,5,0.739731700394653,0.393654095923507,1.64922364161603,5.64362248979694,0.285891246537728,0.259881514,0.316,0.60079,0.5509,0.101,6,0.473,8.232769318,1.390376202,8.301308156,3.309933858,9.716640392,1.698395596,9.741024972,2.641887309,8.374725363,1.406228772,9.196408421,4.190424003,8.879651983,1.532230328,9.618985731,3.82135494,NA
"NIC1","Dem2016_64","NIC1_Dem2016_64",-7.5598,43.9965,2.43,NA,NA,"no","no",139.9756622,46963.1,1947.58,24,26255.99,1635.24,18,2.14416766549919,0.809238138314932,5.24213797855945,13.0516578691457,0.63154190663849,0.184663704,0.195,0.84719,0.78618,0.119,5.858825036,1.975,8.57955055,1.690045232,9.14836143,3.521646643,9.470113112,1.735088848,9.638525799,2.878737477,9.4861279,2.017360915,10.73524678,3.35814471,9.374106856,1.95047078,10.5732341,3.341801266,NA
"NIC1","Dem2016_13","NIC1_Dem2016_13",-9.1758,42.1833,3.45,NA,NA,"no","no",153.1759338,18459.75,4628.84,19,3740.11,4054.87,14,1.3608388589769,0.615214153580926,2.59884818869063,8.37119090624336,0.450223612502749,0.02306911,0.237,0.74352,0.68721,0.241,3.589062041,1.345,10.28924883,2.18351592,10.48570439,2.762209796,9.747320385,2.009558008,10.62044355,3.265937376,8.59529278,1.665054359,9.607047088,3.862509318,8.466217604,1.633105079,9.691902975,4.083805209,NA
"NIC1","Dem2016_88","NIC1_Dem2016_88",-5.7742,43.8458,3.57,NA,NA,"no","yes",102.3212662,83989.02,1927.53,19,40281.18,1820.44,14,1.97905065800688,0.821035475314053,5.58769958322653,15,0.726415026338476,0.351678708,0.548,0.76505,0.70902,0.562,5.607831074,1.489,9.84420956,2.023229943,10.015558,2.792298729,11.05615804,2.164687948,11.07726041,2.110751042,9.015250584,1.800041823,9.927991676,3.716170826,9.200578127,1.788527947,9.951193145,3.516532423,NA
"NIC1","Dem2016_35","NIC1_Dem2016_35",-8.9772,43.4866,3.79,NA,NA,"no","yes",178.0912781,41166.96,625.1,9,10055.1,250.04,5,1.39043779493948,0.714285714285714,3.5,15,0.946902233911615,0.232971781,0,0.679,0.62429,0,NA,0.623,8.575,1.474179304,8.815789474,3.311661414,11.74345349,2.097917834,11.77738651,1.801591997,8.817243299,1.629996768,9.247611411,3.344143308,9.370289386,1.815727618,9.790743645,3.071771141,NA
"NIC1","Dem2016_62","NIC1_Dem2016_62",-8.5258,43.6892,4.56,NA,NA,"no","yes",174.0383606,40551.22,1825.16,15,7138.03,1445.67,10,1.55968141381582,0.720936509959108,3.58341393871863,3.88170467756228,0.0294838257048381,0.04723705,0.025,0.73641,0.67941,0.086,5.076926351,1.063,8.81502807,1.719442689,9.042571667,3.194336636,7.8686317,1.454803523,9.05186454,3.942225752,8.101210913,1.543488539,9.524404422,4.311941408,7.619558672,1.397052827,9.586072445,4.807847938,NA
"NIC1","Dem2016_6","NIC1_Dem2016_6",-9.2832,42.108,6.08,NA,NA,"no","yes",178.9237518,51175.38,1009.78,8,1262.26,234.4,5,1.51935860724687,0.757384331791867,4.12174534062709,7.31228925656478,0.461955309619824,0,0.462,0.64854,0.59707,0.364,4.461433447,0.63,10.11777372,2.099525589,10.11777372,2.758453742,NA,NA,NA,NA,9.447744598,1.842027081,9.447744598,3.044573557,9.21216956,1.730303471,9.21216956,3.137714301,NA
"NIC1","Dem2016_4","NIC1_Dem2016_4",-9.3118,41.9793,10.44,NA,NA,"no","yes",169.2581329,55917.61,11998.67,12,14897.32,11225.69,7,0.56097600773578,0.2425011399002,1.32013399976371,9.66735733973262,0.469929155042652,0.001885095,0.091,0.62584,0.57399,0.447,2.400625708,0.553,12.80732612,2.69882802,12.81494831,1.561700143,11.07112062,2.316190124,11.07404778,2.243355048,9.732178231,1.949170735,9.829979047,2.788385059,9.721176613,1.944633191,9.806346979,2.803086996,NA
"NIC2","Dem2016_102","NIC2_Dem2016_102",-5.1104,44.0056,0,NA,NA,"yes","no",818.0489502,187598.96,6533.53,26,181611.13,6445.04,25,1.78840838847908,0.641403346471295,2.78864844431671,2.89467338338347,0.0168102032072594,0.883647756,0.058,0.89988,0.83623,0.008,5.733990888,1.078,11.2782114,2.212739352,11.74262109,2.378138747,11.2338739,2.107187812,11.26008359,2.097328764,NA,NA,NA,NA,NA,NA,NA,NA,NA
"NIC2","Dem2016_103","NIC2_Dem2016_103",-5.0688,43.9124,0,NA,NA,"yes","no",892.779541,17208.36,1213.84,20,16165.86,1199.56,19,2.56360929866703,0.900507708751492,10.0510299587155,6.73440562873662,0.259275720561727,0.247302474,0.278,0.88103,0.81887,0.073,6,1,NA,NA,NA,NA,NA,NA,NA,NA,NA,NA,NA,NA,NA,NA,NA,NA,NA
"NIC2","Dem2016_41","NIC2_Dem2016_41",-8.9331,44.1004,0,NA,NA,"yes","no",688.2329102,200502.85,6413,17,200502.85,6413,17,1.61280679994939,0.70105861222705,3.34513734431283,4.83651116929591,0.000308274919782936,0.766011605,0.132,0.80189,0.74264,0.029,5.852868675,0.719,NA,NA,NA,NA,10.95655453,2.019033004,10.98017354,2.167068522,NA,NA,NA,NA,NA,NA,NA,NA,NA
"NIC2","Dem2016_65","NIC2_Dem2016_65",-7.5511,44.0898,0.19,NA,NA,"yes","no",846.881958,45804.6,1549.84,21,23501.11,1380.76,16,2.34455853661228,0.884216524204665,8.63681102273741,15,0.714570567031012,0,0.568,0.81089,0.75294,0.153,6,0.817,7.462159664,1.372934214,8.72881254,4.028341409,7.051464754,0.893294098,9.353222833,4.558961518,7.185089537,1.334713934,8.880371479,4.360771215,7.121334626,1.314881278,9.074040187,4.44347204,NA
"NIC2","Dem2016_111","NIC2_Dem2016_111",-4.5666,43.5064,0.23,NA,NA,"yes","no",202.5165405,42750.01,1661.66,14,18731.45,1586.13,12,1.47656292301255,0.664397892044399,2.97971906699792,11.4208107528149,0.572926758465752,0,1.352,0.63622,0.58918,1.348,5.952387257,0.588,5.956127678,0.909661187,9.057181334,6.983222044,10.02263531,1.810896346,11.73111342,3.725063146,7.118459465,1.211471483,9.239021991,5.916970687,7.473098456,1.303898845,9.716845566,5.74896476,NA
"NIC2","Dem2016_99","NIC2_Dem2016_99",-4.9974,43.6362,0.37,NA,NA,"no","no",332.7095337,20152.29,1374,19,17770.65,1282.4,17,2.51160761843409,0.895918367346939,9.6078431372549,10.805907139742,0.547423701440296,0.154545712,0.596,0.83116,0.77246,0.137,NA,0.881,NA,NA,NA,NA,8.786270104,1.583902024,11.18537586,3.708360356,8.121760672,1.49306016,9.345682696,4.389640982,8.41983476,1.561558679,9.728866074,4.21876392,NA
"NIC2","Dem2016_9","NIC2_Dem2016_9",-9.4618,42.2647,0.39,NA,NA,"no","no",516.4078979,21936.57,834.99,20,15780.17,750.08,17,2.34574949110664,0.852260486199447,6.76866989930664,15,0.67822217476777,0,0.337,0.84073,0.78055,1.896,5.87099127,0.952,7.302319467,1.211781289,9.219979932,5.36860393,8.268866045,1.468146585,8.764935847,3.51422948,7.178999255,1.21486728,9.081214889,5.154854966,7.47218538,1.278650048,9.249435181,4.76865797,NA
"NIC2","Dem2016_123","NIC2_Dem2016_123",-2.5653,43.5556,0.62,NA,NA,"no","no",199.9284668,50345.64,1608.28,19,34714.27,1445.65,16,2.25422760747366,0.84812028750092,6.58415784139739,10.9797225463129,0.554214094052103,0.057429998,0.205,0.83382,0.77337,0.123,5.616452894,0.812,9.275452316,1.818743212,9.522869482,2.918737317,9.815404871,1.89364643,10.61237265,2.638401513,9.216192618,1.785490795,9.731829587,3.034801794,9.277778861,1.778851926,9.862106493,2.963127021,NA
"NIC2","Dem2016_104","NIC2_Dem2016_104",-5.0263,43.8223,0.73,NA,NA,"no","no",616.5732422,39827,2807.71,18,28792.8,2765.59,15,1.87648140562713,0.775493392092498,4.45421187964323,7.17105246249788,0.25432097152385,0.235460115,0.325,0.7834,0.72568,0.083,6,0.696,NA,NA,NA,NA,NA,NA,NA,NA,NA,NA,NA,NA,NA,NA,NA,NA,NA
"NIC2","Dem2016_105","NIC2_Dem2016_105",-5.0358,43.7799,0.73,NA,NA,"no","no",438.013855,38174.17,1991.9,26,20324.75,1701.82,22,2.60586674769231,0.899021150589099,9.90306391718546,15,0.751082000094019,0.054204715,0.733,0.8756,0.81563,0.129,5.816081023,1.112,6.678007695,1.090560721,8.533357847,5.404223882,7.564992564,1.129279038,9.669939959,4.308050631,7.344599555,1.297496426,8.989482719,4.849580842,7.707611812,1.389061817,9.347706519,4.55009599,NA
"NIC2","Dem2016_119","NIC2_Dem2016_119",-3.7847,43.6689,1.66,NA,NA,"no","no",219.0275574,50081,1439.05,17,36898.99,1279.15,14,2.12035114819794,0.814050315634441,5.37779885678158,8.48774980221866,0.396118873740602,0.000354825,0.286,0.79862,0.74002,0.098,5.4166595,0.716,9.458314571,1.912853466,10.76527653,3.900123618,11.5013742,2.108271181,11.64976736,2.065200603,8.147821939,1.593119862,10.14984294,5.091815893,8.506187487,1.655714184,10.20424897,4.585567987,NA
"NIC2","Dem2016_120","NIC2_Dem2016_120",-3.8306,43.6878,1.66,NA,NA,"no","no",487.8292542,58502.39,1626.58,21,40156.74,1541.73,17,2.13916519883632,0.826858446933174,5.77562105853376,4.86959563233463,0.0824545614375502,0.030947795,0.414,0.81569,0.75695,0.035,5.793115218,0.859,8.455996968,1.324325566,9.719097286,3.992187215,8.386235577,1.358812106,9.046567781,3.22275282,7.864076029,1.329577011,9.841784337,4.534967,8.072649262,1.346599527,9.826120537,4.178419868,NA
"NIC2","Dem2016_121","NIC2_Dem2016_121",-3.0787,43.5923,2.39,NA,NA,"no","no",277.7233582,37053.13,820.87,14,7616.8,649.06,10,1.97579320900743,0.833910034602076,6.02083333333333,11.8132744004174,0.583743095544376,0,1.091,0.67826,0.62818,0.935,6,0.547,6.980392157,1.235954639,8.3125,5.159119175,10.25405146,1.989120501,10.97545894,2.796926164,7.779414715,1.445208563,8.628845104,4.260612178,8.241034904,1.584222292,9.057673689,3.931704699,NA
"NIC2","Dem2016_53","NIC2_Dem2016_53",-8.1489,43.9074,2.41,NA,NA,"no","no",203.3438721,24126.32,1876.74,18,4384.98,1136.88,12,2.12469063851908,0.851603688788564,6.73871197900058,3.53891688191924,0.0194612989021236,0,0.321,0.7766,0.71905,0.683,NA,0.616,8.792878667,1.540658929,9.075469462,3.347747339,9.041914068,1.675605598,9.4456533,3.282868391,8.977300216,1.740042037,9.595890692,3.448923724,8.916980108,1.757645542,9.696342271,3.526939851,NA
"NIC2","Dem2016_39","NIC2_Dem2016_39",-8.8324,43.7775,2.48,NA,NA,"no","no",547.8342285,95217.73,4242.72,21,91147.01,4214.06,19,2.06610075218366,0.832823552708213,5.98170385960302,4.45515695167621,0.00723391804075636,0.430829636,0.518,0.82508,0.76642,0.111,5.841253142,0.849,7.220971392,1.026387649,9.897936229,4.743656628,9.038731237,1.545653826,10.88981977,3.104262998,7.110139999,1.141667564,8.93679402,4.921634791,7.26431942,1.169764471,9.208345652,4.779838399,NA
"NIC2","Dem2016_109","NIC2_Dem2016_109",-4.5123,43.703,2.89,NA,NA,"no","no",572.137207,8842.77,1008.3,16,8842.77,1008.3,16,2.08358672088286,0.806805739870726,5.17613721717644,13.658674328716,0.642526041048224,0.032357508,1.074,0.74692,0.69391,0.37,5.906219898,0.854,4.989168743,0.570589201,10.33333333,8.199584379,5.853179559,0.689270061,11.10521843,6.694598137,6.381425231,0.917269216,10.33333333,6.346015068,6.428065214,0.939456619,10.53156036,6.202714821,NA
"NIC2","Dem2016_89","NIC2_Dem2016_89",-5.537,43.9335,3.18,NA,NA,"no","no",616.581604,33166.33,2193.7,28,33122.75,2179.17,27,2.77224961466994,0.896181086595619,9.63215629222532,3.98925927750066,0.0369719264642481,0.493211037,0.264,0.97704,0.9108,0.089,5.130452349,1.332,8.799961129,1.646342743,10.55359568,3.916802273,9.900831238,1.809942224,10.62356588,2.79902179,7.917542384,1.465745529,10.19766918,4.424546019,7.978867745,1.456828977,10.11068584,4.259958643,NA
"NIC2","Dem2016_125","NIC2_Dem2016_125",-2.2773,43.5992,3.49,NA,NA,"no","no",525.5309448,161438.62,2660.06,24,161438.62,2660.06,24,2.2170396874158,0.804705855361245,5.12048122000662,4.33581227885542,0.0598638665271048,0.017641318,0.239,0.90785,0.84452,0.008,5.780233813,1.149,8.359102005,1.627025496,8.925597766,3.426800404,8.232126438,1.47160832,8.254330827,3.027286072,8.094253611,1.530371474,9.566008133,4.19026792,8.482246322,1.590269958,9.767485841,3.89130741,NA
"NIC2","Dem2016_87","NIC2_Dem2016_87",-6.1021,43.8895,3.65,NA,NA,"no","no",505.9477234,48586.49,1287.53,21,30009.31,1188.49,18,2.40012242050615,0.876701095141269,8.1103721168144,13.8395756078366,0.643563947321681,0.005824047,0.19,0.86597,0.80409,0.019,5.874987116,0.946,8.278338422,1.360358796,9.258102393,3.671717197,8.050318455,1.202666197,10.43067464,3.932053106,7.885034403,1.326770109,9.128124576,4.197979429,8.089957385,1.364952429,9.42339993,4.012665218,NA
"NIC2","Dem2016_50","NIC2_Dem2016_50",-7.8237,44.0213,3.73,NA,NA,"no","no",200.0669098,34798.39,1186.28,15,20221.18,844.79,8,1.89911132705872,0.835669967043532,6.08531491175997,7.18729407386522,0.245887725724107,0,0,0.74767,0.68998,0,4.595722014,0.409,9.475794367,1.662267052,9.611549956,2.868525463,10.60259828,1.892977323,10.61930759,2.315811436,9.808544299,1.865014244,10.10361919,2.876240653,10.12564577,1.951410518,10.38217497,2.713270316,NA
"NIC2","Dem2016_124","NIC2_Dem2016_124",-2.4482,43.5258,4.33,NA,NA,"no","no",349.8625488,30402.51,6894.45,28,25477.89,6504.21,23,1.78524495844717,0.732522164975498,3.73862753864594,7.64354521446928,0.386515693122959,0.08863084,0.13,0.87303,0.8108,0.31,4.749993994,0.987,10.93029174,2.392468298,11.35268339,2.44052941,9.992570202,2.031774054,10.84816132,2.749496872,8.151118273,1.543378005,9.738220034,4.195059208,8.15996489,1.518799429,9.893711806,4.202194125,NA
"NIC2","Dem2016_78","NIC2_Dem2016_78",-6.4717,43.8848,4.99,NA,NA,"no","no",530.1580811,92784.68,4382.98,27,63431.65,4297.32,25,2.54175368793312,0.888334972724405,8.95535535519054,3.85014341733097,0.0189406235031823,0.370980209,0.188,0.94579,0.88057,0.031,5.553500222,1.13,NA,NA,NA,NA,NA,NA,NA,NA,8.312566047,1.547157039,10.34581026,4.371768701,8.412609687,1.54604694,10.30676114,4.140236848,NA
"NIC2","Dem2016_81","NIC2_Dem2016_81",-6.2123,43.8477,5.02,NA,NA,"no","no",424.5481873,30147.38,974.86,14,9785.48,643.77,10,1.97314446949857,0.827747417410341,5.80542819716211,3.97050891496604,0.12136926242937,0,0.422,0.73589,0.68051,0.166,6,0.548,7.583323517,1.293620369,8.131556357,3.687125386,7.37112243,1.043446015,8.340249047,3.78286524,7.550057607,1.241145144,8.376446984,3.842292654,7.597021212,1.225925896,8.423881313,3.785291347,NA
"NIC2","Dem2016_90","NIC2_Dem2016_90",-5.5885,43.8898,5.07,NA,NA,"no","no",311.5293884,5639006.09,860654.15,22,5633832.75,859751.17,18,0.0339328930204522,0.00798893806818401,1.00805327518488,3.57375211762039,0.000300385466502041,0.000650533,1.495,0.57008,0.52686,1.494,6,0.49,6.010564055,0.698160557,9.22666343,5.147798065,6.013160623,0.698833036,9.826447612,5.146573591,8.291213463,1.418005675,9.087909732,3.607249044,8.499596419,1.467399916,9.239732128,3.478043088,NA
"NIC2","Dem2016_44","NIC2_Dem2016_44",-8.4483,44.0641,5.14,NA,NA,"no","no",328.8296814,830270.28,102372.59,19,795516.04,98336.94,13,0.194330151758974,0.0601755381702102,1.06402848682301,3.98322537420862,0.0276230191107144,0,1.477,0.53526,0.49335,1.444,5.211436625,0.411,6.049547782,0.71586561,9.411746191,5.122576149,6.025717339,0.697472782,9.059281354,5.137705433,8.070747273,1.431270649,9.454311629,3.803678637,7.866126734,1.335455395,9.301086735,3.852543711,NA
"NIC2","Dem2016_75","NIC2_Dem2016_75",-6.7544,43.9701,5.29,NA,NA,"no","no",373.7503967,2745555.29,349112.65,21,2710100.09,348769.3,18,0.0602283903047246,0.0144488156737403,1.01466064462559,3.56701399775626,0.000594559858992093,0,1.494,0.57232,0.529,1.493,5.969698748,0.525,6.001766041,0.696386734,8.297878353,5.159261165,6.004418073,0.695565031,8.898874225,5.152681445,5.848272185,0.86752523,8.820370968,6.305473642,5.991307754,0.881477548,8.986215188,6.006115176,NA
"NIC2","Dem2016_51","NIC2_Dem2016_51",-8.0477,44.0328,5.56,NA,NA,"no","no",216.1677399,21461.53,723.44,10,8773.82,445.19,6,1.51310487185873,0.743060858902979,3.89197222241199,15,0.696488521953612,0.000864337,0,0.69793,0.64241,0,NA,0.323,8.264194316,1.434368164,9.136363636,3.96821992,11.44827626,2.044532908,11.77502708,2.084945892,9.232397384,1.829734463,9.827278379,3.294775266,9.522401973,1.928241712,10.14348254,3.156566385,NA
"NIC2","Dem2016_93","NIC2_Dem2016_93",-5.3638,43.8723,5.85,NA,NA,"no","no",339.4747314,12942523.66,1905447.69,26,12914181.71,1904723.29,19,0.0126214042599372,0.00258419746180427,1.00259089284051,3.57163474820864,3.08499270108319e-05,4.2e-06,1.499,0.57787,0.53436,1.499,5.584,0.49,6.002007082,0.694359511,8.814569536,5.153711319,6.001026271,0.693549773,8.725493562,5.154227775,7.611338047,1.382841345,9.707756128,4.548247995,7.503757357,1.324111196,9.745621286,4.662472866,NA
"NIC2","Dem2016_20","NIC2_Dem2016_20",-9.5392,42.7948,5.89,NA,NA,"no","no",228.3173218,83262.13,22577.36,14,59102.31,19670.09,9,0.366825491199841,0.134121189593803,1.15489602930794,2.58444915549862,0,0,0.022,0.63624,0.58373,0.01,NA,0.319,9.256740777,1.386222508,9.282797343,2.893713114,9.310612311,1.386291154,9.316231311,2.865053863,8.347298983,1.368747387,8.732272403,3.427255515,8.40291523,1.372679017,8.741176726,3.389437083,NA
"NIC2","Dem2016_43","NIC2_Dem2016_43",-8.5776,44.0325,6.15,NA,NA,"no","no",371.7419434,3612442.96,416736.47,17,3600915.3,414152.37,12,0.0332663844995343,0.00829645797567302,1.00836586502327,3.57289442464157,4.57565817925906e-05,0,1.498,0.51127,0.47048,1.498,5.42554303,0.335,6.004082365,0.695220445,9.722167209,5.153188258,6.002045926,0.69409092,10.63534689,5.154130873,7.807825469,1.469444954,9.768927476,4.638140954,7.907324019,1.508310446,9.877253572,4.599965172,NA
"NIC2","Dem2016_22","NIC2_Dem2016_22",-9.5565,42.9313,6.78,NA,NA,"no","no",233.2547913,366396.66,107017.2,14,342287.78,104526.32,7,0.0378692644628448,0.00936646657320184,1.00945502676535,2.55512919037194,0.000158388900858567,0,0.001,0.59265,0.54194,0.001,5.55559177,0.204,9.328909825,1.387336052,9.331921636,2.85681228,9.332707771,1.386612948,9.33315032,2.854116582,8.95577207,1.566315074,9.307926944,3.212049524,9.049788014,1.569855887,9.344964987,3.150273308,NA
"NIC2","Dem2016_86","NIC2_Dem2016_86",-6.0952,43.7828,6.78,NA,NA,"no","no",265.328125,45827.13,3189.06,25,17512.38,2341.1,20,2.35987542006544,0.868123022180758,7.58282466383673,4.5746865288165,0.175663960343204,0.005631599,0.161,0.88639,0.82355,0.154,5.833322973,0.965,8.74146107,1.653630434,9.344973314,3.500403201,9.274752547,1.794555745,9.775173779,3.146031617,7.991248901,1.538068569,9.561667711,4.364036435,7.882952741,1.503081749,9.536180994,4.358617816,NA
"NIC2","Dem2016_76","NIC2_Dem2016_76",-6.5283,43.8875,7,NA,NA,"no","no",259.4546204,116645.95,6248.54,24,53050.17,5872.57,18,2.12415555898406,0.820381323179296,5.56734977509163,4.17228158091214,0.0297836610618721,0,0.321,0.83407,0.77417,0.246,5.9617208,0.772,8.554275133,1.429548612,9.438898903,3.962150158,9.382915486,1.690712264,10.12542534,3.262815233,7.327039797,1.264181967,9.565771672,5.162384762,7.358231887,1.26233436,9.637293141,4.965969692,NA
"NIC2","Dem2016_80","NIC2_Dem2016_80",-6.294,43.7618,7.42,NA,NA,"no","no",301.5804749,78196.59,3673.68,17,55231.66,3456.51,14,1.88235682790727,0.805296115861516,5.13600437107226,5.22053285253315,0.121356271716891,0,0.354,0.77436,0.71713,0.123,6,0.628,9.161911659,1.488113571,9.379447266,3.116552968,9.982599672,1.701130769,10.02548671,2.593950802,8.097702181,1.363153905,9.535749542,4.832613742,8.42153183,1.45767815,9.713434298,4.508344451,NA
"NIC2","Dem2016_27","NIC2_Dem2016_27",-9.3907,43.35,7.82,NA,NA,"no","no",266.9414368,38504.43,5753.54,14,24501.22,4408.1,9,0.722097707903034,0.290189367868487,1.40882645980812,3.69762310900178,0.00646405353812269,0,1.337,0.54942,0.50613,1.21,5.80648688,0.376,6.261246583,0.817680718,9.069753695,4.991661248,6.240317635,0.811649773,9.065723454,5.015924972,7.670677579,1.256889322,8.882359828,4.090387689,7.639266169,1.255790598,8.864492027,4.123989081,NA
"NIC2","Dem2016_42","NIC2_Dem2016_42",-8.7144,44.0471,7.99,NA,NA,"no","no",457.7222595,39551.86,1615.16,17,33264.32,1538.24,13,1.93140554806892,0.782501072583462,4.59772382272429,4.79360993902408,0.0110193216366226,0.726300356,1.095,0.70395,0.65285,0.787,5.922070028,0.644,NA,NA,NA,NA,10.82170439,1.997024422,10.95470845,2.309862133,NA,NA,NA,NA,NA,NA,NA,NA,NA
"NIC2","Dem2016_52","NIC2_Dem2016_52",-8.2458,44.0487,8.34,NA,NA,"no","no",291.8937378,736889.85,99867.48,17,714143.69,97079.97,11,0.578981119392271,0.251748912508732,1.33644977831278,3.5095914097104,5.17159475216562e-05,0,1.344,0.55754,0.51399,1.414,NA,0.343,6.590641694,0.936641343,9.200778691,4.744721446,6.251244666,0.802643696,9.253612779,4.979959603,8.462152282,1.474132904,9.207139997,3.557783751,8.40604571,1.447681672,9.12603453,3.547310809,NA
"NIC2","Dem2016_36","NIC2_Dem2016_36",-9.0849,43.539,8.62,NA,NA,"no","no",286.6731873,4660187.49,498742.88,16,4641718.37,497072.59,10,0.054276154666236,0.0146077034688157,1.01482425174242,3.57582612291169,0.000111661228226034,0,1.494,0.49372,0.45363,1.494,5.84211089,0.27,6.000892622,0.694396924,8.433331308,5.156884085,5.999584273,0.693298795,8.277310888,5.156570694,7.068759097,1.174764301,8.426533783,4.460585878,6.985368021,1.166472001,8.399050366,4.536452157,NA
"NIC2","Dem2016_48","NIC2_Dem2016_48",-8.3571,43.95,9.04,NA,NA,"no","no",236.0670624,21565.8,2392.13,12,2337.36,1095.63,4,1.14753267738747,0.666111445765222,2.99501132134298,2.63725213470897,0,0,0,0.65035,0.5969,0,NA,0.169,8.868684969,1.381237608,8.893398419,3.030823775,8.631579236,1.376244434,8.678479679,3.123583723,8.585662737,1.337748656,8.816676676,3.321017265,8.48661482,1.323453571,8.782477063,3.41665167,NA
"NIC2","Dem2016_24","NIC2_Dem2016_24",-9.5707,43.086,10.35,NA,NA,"no","no",239.3391724,22819.33,1329.64,13,5821.63,700.75,9,1.9338216354946,0.820516479502047,5.57154215175652,3.95952649727914,0.00552548194225149,0,0.656,0.70039,0.64752,0.418,5.062490217,0.481,7.968087437,1.375755891,8.630160485,3.720881559,7.133726743,1.048903863,8.454559253,4.101082102,7.984542982,1.421868003,9.356289833,3.94405635,7.67452456,1.322476467,9.362307707,4.107581939,NA
"NIC2","Dem2016_19","NIC2_Dem2016_19",-9.5766,42.7165,11.41,NA,NA,"no","no",744.1682129,42716.07,5759.16,18,19038,5677.28,17,2.00873392845853,0.796979138291616,4.92560218484535,5.7560203359704,0.225089820359281,0,0.785,0.77587,0.72043,0.921,5.983867791,0.729,6.271079638,0.956051194,8.585706061,5.677124884,NA,NA,NA,NA,7.334021312,1.287044209,9.028230748,4.947266832,7.229005399,1.233566719,8.815046947,4.988304938,NA
"NIC2","Dem2016_40","NIC2_Dem2016_40",-8.7286,43.7059,11.5,NA,NA,"no","no",279.1783447,153410.91,12853.74,21,92296.73,12037.91,14,0.721510478702437,0.28113119896764,1.39107441937098,4.51659250851611,0.0910503446557346,0,1.305,0.60046,0.55493,1.282,5.914282337,0.545,6.451147761,0.916299851,8.678265312,4.8570341,6.297423987,0.799469741,9.375962522,4.958768642,7.423419762,1.271582482,9.263166153,4.599972677,7.349759126,1.225052819,9.364235302,4.677215991,NA
"NIC2","Dem2016_47","NIC2_Dem2016_47",-8.5134,43.8778,12.47,NA,NA,"no","no",289.3518372,37185.2,9157.18,15,15531.25,4506.78,9,0.632877936003639,0.296638302587061,1.42174361168391,3.27316340400944,0.0814227070282988,0,0.021,0.65684,0.60339,0.004,NA,0.375,9.245133095,1.384994476,9.254875945,2.892689682,9.224380103,1.3817054,9.261378006,2.916676512,8.698001768,1.34920603,8.940285306,3.27121076,8.57205273,1.332036227,8.919775209,3.395797373,NA
"NIC2","Dem2016_7","NIC2_Dem2016_7",-9.3556,42.0533,12.72,NA,NA,"no","no",222.5796814,43710.47,11256.86,16,13416.95,9834.39,9,0.310928102564985,0.106978897249327,1.11979436647109,2.50579776621462,0.0290359189995509,0.005223005,0.005,0.6334,0.58095,0.014,4.709651346,0.343,9.372249481,1.424474364,9.375152856,2.842456979,9.358779842,1.409958913,9.359839404,2.846259418,9.369863712,1.785568053,9.470416972,2.935173309,9.381774527,1.756099011,9.46380026,2.925108845,NA
"NIC2","Dem2016_126","NIC2_Dem2016_126",-2.2373,43.5577,13.02,NA,NA,"no","no",355.6810913,42628.17,607.64,14,5505.75,423.5,12,2.24611083081843,0.865775481489638,7.45020366694632,5.56373482738732,0.414414890442097,0,0.522,0.7683,0.71193,0.266,5.22221887,0.716,7.243240863,1.207261064,8.111121168,4.164491155,6.870583162,0.817136333,8.10000181,4.62559086,7.39263368,1.279044074,8.091760432,4.020262618,7.304863251,1.249095746,8.089458994,4.091234822,NA
"NIC2","Dem2016_45","NIC2_Dem2016_45",-8.6433,43.9764,14.29,NA,NA,"no","no",448.2069092,309721.12,54289.12,20,308542.54,54083.34,15,0.453491772792677,0.162782531793112,1.19443279431538,3.70788889042654,0.00514465176673373,0,1.452,0.57692,0.5331,1.48,5.983803495,0.506,6.097948575,0.74525694,9.668764763,5.116796338,6.012923598,0.700716636,9.585032727,5.159155861,7.537365574,1.379813676,10.24382792,5.02245787,7.420446057,1.341723523,10.23795365,5.18686903,NA
"NIC2","Dem2016_10","NIC2_Dem2016_10",-9.3472,42.2851,14.42,NA,NA,"no","no",236.2314301,43178.46,4515.26,12,4990.56,3619.52,8,0.56924063868782,0.232114492140343,1.30227747465546,2.4468023040615,0.00236400810590963,0,0.016,0.64266,0.58979,0.017,NA,0.336,9.165544262,1.383640986,9.287720349,2.965775306,9.280638527,1.383806295,9.315204397,2.898608366,8.303285789,1.329523481,8.942398335,3.668933544,8.375112985,1.325040945,8.996028645,3.696609235,NA
"NIC2","Dem2016_8","NIC2_Dem2016_8",-9.3926,42.5264,14.69,NA,NA,"no","yes",243.1488037,42222.29,4876.73,21,6031.76,3355.04,15,2.00236365316494,0.800142721325989,5.0035705811401,2.37765310582372,0.00614744936737157,0,0.257,0.80173,0.74291,0.703,5.061726649,0.679,8.141947517,1.513074043,8.596857263,3.708173594,7.432734629,1.314264204,8.263396912,4.076189215,8.127459913,1.470279118,8.785474823,3.638930037,8.016604535,1.433980337,8.681819064,3.685273276,NA
"NIC2","Dem2016_46","NIC2_Dem2016_46",-8.685,43.8929,15.18,NA,NA,"no","yes",463.1744385,284964.51,47048.06,18,279499.9,46879.63,15,0.454153437826094,0.172317173354767,1.20819227825857,3.91672532725148,0.015892049297672,0.006435924,1.476,0.57538,0.53172,1.473,5.921743737,0.513,6.087315491,0.73597575,10.14285278,5.119216032,6.047863795,0.711528866,10.40700576,5.131729027,7.43605669,1.331880878,10.0254265,4.89737683,7.288724235,1.276697096,9.923494334,4.962973948,NA
"NIC2","Dem2016_37","NIC2_Dem2016_37",-8.9088,43.6098,17.87,NA,NA,"no","yes",275.5335083,51608.09,6602.35,13,14396.53,4086.27,6,0.420853833530343,0.1659806672041,1.19901297329365,2.76778126676178,0,0,0,0.6132,0.56152,0,NA,0.237,9.248486081,1.390761137,9.273702545,2.897088824,9.375175632,1.456874855,9.38975049,2.85119458,8.644361748,1.42801562,8.915698082,3.297838789,8.712144225,1.474037925,9.01588626,3.304745468,NA
"NIC2","Dem2016_38","NIC2_Dem2016_38",-8.8725,43.6802,19.3,NA,NA,"no","yes",489.1440125,67200.42,34969.47,12,66956.68,34811.75,10,0.351170540059182,0.123511563525922,1.14091636396572,3.16452109201755,0.241828764293321,0,1.439,0.52117,0.47961,1.091,6,0.339,NA,NA,NA,NA,NA,NA,NA,NA,6.351323196,0.927964871,8.179205896,5.5861027,6.311473084,0.89312103,8.169044273,5.571250886,NA
"NIC2","Dem2016_26","NIC2_Dem2016_26",-9.5142,43.2407,21.12,NA,NA,"no","yes",288.1907654,114781.68,19690.27,10,78309.5,18227.05,5,0.240349348120989,0.0970818076432705,1.10752004828906,3.36652311321064,0,0,1.479,0.4608,0.42194,1.452,6,0.161,6.018612535,0.704712573,8.200007382,5.139419267,6.006579603,0.697524,8.124994234,5.149372679,7.193722949,1.225610384,8.161166818,4.126294512,7.188013154,1.230555357,8.138576392,4.119121523,NA
"OxyTrawl","OT15","OxyTrawl_OT15",18.2706,55.1717,0.04,NA,NA,"yes","no",71.96,10.4267,160,11,10.4267,160,11,1.70721622692894,0.73578125,3.78474275576582,4.56594812616548,0.941685288729895,0.936895533,2.353,0.66313,0.60164,2.92,2.975,0.884,NA,NA,NA,NA,NA,NA,NA,NA,NA,NA,NA,NA,NA,NA,NA,NA,0.754339571
"OxyTrawl","OT14","OxyTrawl_OT14",18.2205,55.2219,0.15,NA,NA,"yes","no",61.9,5.2654,83,12,5.2654,83,12,1.98751301798597,0.80911598200029,5.23878326996198,3.34031487118308,0.611436927868728,0.599354913,2.44,0.71249,0.64565,2.803,2.722891566,1.116,NA,NA,NA,NA,NA,NA,NA,NA,NA,NA,NA,NA,NA,NA,NA,NA,0.688449262
"OxyTrawl","OT13","OxyTrawl_OT13",18.2215,55.2718,0.61,NA,NA,"no","no",69.8,19.1548,198,15,19.1548,198,15,2.23821954673724,0.866136108560351,7.4702743902439,4.40237927002141,0.762023589909748,0.539132684,2.124,0.79735,0.72216,1.738,3.454545455,1.187,NA,NA,NA,NA,NA,NA,NA,NA,NA,NA,NA,NA,NA,NA,NA,NA,0.861477635
"OxyTrawl","OT11","OxyTrawl_OT11",18.0233,55.3752,0.74,NA,NA,"no","no",76.16,11.8909,85,14,11.8909,85,14,1.97236670087392,0.813287197231834,5.35581912527798,5.16980811727916,0.991256338880993,0.489264344,1.796,0.78591,0.71251,0.065,3.741176471,1.312,NA,NA,NA,NA,6.003531494,0.696194266,8.472972973,6.145813861,NA,NA,NA,NA,NA,NA,NA,NA,0.669533155
"OxyTrawl","OT17","OxyTrawl_OT17",18.024,55.4249,0.81,NA,NA,"no","no",75.54,1.7435,44,7,1.7435,44,7,1.10084403456001,0.485537190082645,1.94377510040161,6.48018217483476,0.993776885574993,0.946615825,2.744,0.48962,0.44569,0.54,2.727272727,0.711,NA,NA,NA,NA,6.04157848,0.714810531,15,6.140756058,NA,NA,NA,NA,6.916680685,1.205523099,15,5.898515035,0.478091475
"OxyTrawl","OT16","OxyTrawl_OT16",18.0732,55.4246,1.24,NA,NA,"no","no",76.9,5.55,76,8,5.55,76,8,1.20485594828595,0.548130193905817,2.21302681992337,9.20933043896452,0.994279279279279,0.641025641,2.66,0.52542,0.47782,1.273,2.5,0.725,NA,NA,NA,NA,NA,NA,NA,NA,NA,NA,NA,NA,5.489374306,0.693147181,NA,6.632712146,0.512062799
"OxyTrawl","OT12","OxyTrawl_OT12",18.2229,55.3248,2.02,NA,NA,"no","yes",79.3,25.0604,329,21,25.0604,329,21,2.30646576045475,0.854981014587818,6.89564885009874,4.48531504511643,0.952837943528435,0.63950659,1.774,0.94113,0.85036,0.348,4.29787234,1.547,NA,NA,NA,NA,6.008466324,0.703623724,11.75572519,6.13760831,NA,NA,NA,NA,NA,NA,NA,NA,0.890835585
"OxyTrawl","OT1","OxyTrawl_OT1",18.1726,55.3245,2.16,NA,NA,"no","yes",81.02,23.7527,160,19,23.7527,160,19,2.09610184682527,0.763046875,4.22024398285526,5.96523685835572,0.974297237787704,0.492132941,0.93,0.93914,0.85086,0.313,4.95,1.591,NA,NA,NA,NA,6.001287163,0.696652944,8.918032787,6.146926611,NA,NA,NA,NA,NA,NA,NA,NA,0.885627155
"OxyTrawl","OT2","OxyTrawl_OT2",18.1238,55.3253,3.46,NA,NA,"no","yes",81.6,39.0495,382,13,39.0495,382,13,1.68171585976297,0.759354184369946,4.15548467934845,4.97157189774278,0.962213088515858,0.468635734,1.229,0.76904,0.69876,0.169,4.32460733,0.905,NA,NA,NA,NA,6.002866644,0.695294854,8,6.138236631,NA,NA,NA,NA,NA,NA,NA,NA,0.878965878
"OxyTrawl","OT3","OxyTrawl_OT3",18.1243,55.3746,4.72,NA,NA,"no","yes",81.66,7.6786,115,10,7.6786,115,10,1.86000095868391,0.794404536862004,4.86392055902905,6.10145876696351,0.880952256921835,0.791011236,2.413,0.66528,0.60375,2.284,2.765217391,0.851,NA,NA,NA,NA,NA,NA,NA,NA,NA,NA,NA,NA,NA,NA,NA,NA,0.732908346
"OxyTrawl","OT19","OxyTrawl_OT19",18.171,55.373,7.14,NA,NA,"no","yes",84.8,3.0378,152,15,3.0378,152,15,1.86205948083666,0.731388504155125,3.72284885594586,3.88139878642684,0.789215879913095,0.726678647,2.333,0.748,0.67698,2.233,3.368421053,1.25,NA,NA,NA,NA,NA,NA,NA,NA,NA,NA,NA,NA,NA,NA,NA,NA,0.727937729
"PH","B","PH_B",-0.167,57.401,0.06,NA,NA,"yes","no",77,3.598,35,23,3.598,35,23,2.91732261630959,0.934256055363322,15.2105263157895,3.56215228391128,0.0278086763070078,0.042630385,1.694,0.80995,0.73724,1.007,4.764705882,1,7.731707317,1.50574742,11.52941176,5.755841597,7.247810963,1.304537924,10.65706903,5.174300614,7.892332901,1.547717271,11.53333333,5.281218303,NA,NA,NA,NA,0.537532242
"PH","E","PH_E",-0.203,57.312,0.21,NA,NA,"yes","no",74,2.622,40,22,2.622,40,22,2.73860687154245,0.905817174515235,10.6176470588235,4.23357341162495,0.0580286168521463,0.15913371,1.5,0.80389,0.73185,1.37,4.736842105,0.923,6.754098361,1.131503749,11.3125,6.36067766,6.486362645,1.024724476,10.5708502,5.629086409,6.91384987,1.173459016,10.81156313,5.641896103,7.040748498,1.212297126,10.39742586,5.246109319,0.529660114
"PH","D","PH_D",0.08,57.391,0.35,NA,NA,"yes","no",83,1.747,36,17,1.747,36,17,2.58257708006491,0.91265306122449,11.4485981308411,4.47690509368025,0.0527261833433193,0.048484848,1.864,0.73668,0.67026,1.694,4.628571429,0.708,NA,NA,NA,NA,6.686808256,0.987550576,14.61924686,5.788208727,NA,NA,NA,NA,NA,NA,NA,NA,0.524765537
"PH","A","PH_A",-0.028,57.408,1.41,NA,NA,"no","yes",79,0.486,9,7,0.486,9,7,1.83102048111352,0.814814814814815,5.4,4.04309349292811,0,0.052301255,2.667,0.51454,0.46762,1.315,4.222222222,0.459,8.727272727,1.757127269,11.5,4.361589875,8.256944444,1.604733242,8.832167832,3.804777507,8.1,1.590486993,10.8,4.697748863,NA,NA,NA,NA,0.216643436
"PH","C","PH_C",-0.006,57.377,1.55,NA,NA,"no","yes",76,2.127,43,21,2.127,43,21,2.8707629057718,0.937673130193906,16.0444444444444,2.99111829180636,0.0197726149283243,0,1.403,0.82147,0.7476,1.629,4.210526316,0.877,NA,NA,NA,NA,NA,NA,NA,NA,NA,NA,NA,NA,10.40667703,2.142424547,13.07877702,3.124015563,0.565167074
"Saronikos","S1","Saronikos_S1",23.5805,38.0305,NA,NA,0.21,"no","yes",20,1018.84,417,20,1018.84,417,20,1.6203985101202,0.60565073121359,2.53582313738644,2.21383855139106,0.052757793764988,0.006211662,1.76,0.5926,0.54038,3.475,2.105515588,0.36,6.571428571,0.657601255,11,4.718835522,NA,NA,NA,NA,NA,NA,NA,NA,6.399230294,0.828398162,11,5.374446617,NA
"Saronikos","S13","Saronikos_S13",23.455,37.8402,NA,NA,0.05,"yes","no",94,55.62,104,59,55.62,104,59,3.87659470327303,0.973557692307692,37.8181818181818,2.72249781508345,0.0208333333333333,0.714409722,0.965,0.9482,0.85919,2.005,3.788461538,1.426,NA,NA,NA,NA,5.933973885,0.71871675,10.8125,5.358596394,NA,NA,NA,NA,7.604607362,1.374416073,11.51526544,5.815002103,NA
"Saronikos","S16","Saronikos_S16",23.7007,37.7872,NA,NA,0.042,"yes","no",90,44.13,86,40,44.13,86,40,3.31580222827845,0.938885884261763,16.3628318584071,2.9022304104795,0,0.810435239,0.944,0.82392,0.74874,1.804,3.441860465,1,NA,NA,NA,NA,5.970814507,0.708339864,10.28571429,5.155187734,NA,NA,NA,NA,6.996617928,1.194559073,9.567276956,6.40890285,NA
"Saronikos","S2","Saronikos_S2",23.4505,38.011,NA,NA,0.329,"no","yes",33,128.15,210,25,128.15,210,25,2.53211200403476,0.893242630385488,9.36703483432455,2.41415527492398,0.0142857142857143,0.005693371,2.662,0.60931,0.55381,3.534,2.476190476,0.513,NA,NA,NA,NA,NA,NA,NA,NA,NA,NA,NA,NA,1.961177965,NA,8.357432646,NA,NA
"Saronikos","S7","Saronikos_S7",23.5908,37.9237,NA,NA,0.252,"no","yes",65,138.02,83,44,138.02,83,44,3.53676564952878,0.96153287850196,25.9962264150943,2.84946658883983,0.0121951219512195,0.154027389,1.375,0.69458,0.63032,2.494,3.012048193,1.111,6.222222222,0.921424554,8.576923077,5.847343645,NA,NA,NA,NA,6.088241185,0.897775516,8.504303165,5.980858772,NA,NA,NA,NA,NA
"Saronikos","S7N","Saronikos_S7N",23.5843,37.9327,NA,NA,0.13,"no","no",50,50.87,120,37,50.87,120,37,3.19862794592603,0.94125,17.0212765957447,2.94243054770513,0,0.254474876,2.293,0.75765,0.68733,2.325,2.6,0.859,NA,NA,NA,NA,NA,NA,NA,NA,NA,NA,NA,NA,NA,NA,NA,NA,NA
"Saronikos","S7W","Saronikos_S7W",23.548,37.9313,NA,NA,0.141,"no","no",30,233.93,288,70,233.93,288,70,3.53579084523108,0.947916666666667,19.2,2.48236920732498,0.00935672514619883,0.353027929,1.263,0.95017,0.8592,2.226,3.243055556,1.392,NA,NA,NA,NA,5.952629746,0.731323043,8.328358209,5.149012367,NA,NA,NA,NA,NA,NA,10.15318024,3.868547276,NA
"Saronikos","S8","Saronikos_S8",23.5333,37.8833,NA,NA,0.096,"yes","no",90,13.42,52,22,13.42,52,22,2.66982931962749,0.90310650887574,10.3206106870229,2.60301329894577,0,NA,2.287,0.65394,0.59515,3.635,2.615384615,0.607,6.220779221,0.871595883,8.55,5.774554522,6.538690476,1.024569971,8.223140496,5.077761017,6.341288495,0.921718794,8.488761007,5.551563181,NA,NA,NA,NA,NA
"SEL","H","SEL_H",-3.608,54.402,0.5,NA,NA,"yes","no",21,23.3222,673,33,23.3222,673,33,2.16415839651216,0.777287389414235,4.49009150119457,5.75403237975488,0.256558129164487,NA,2.855,0.73128,0.66757,0.891,2.701337296,1,NA,NA,NA,NA,7.199549893,1.252761095,10.01604814,4.714637568,NA,NA,NA,NA,NA,NA,NA,NA,0.597188125
"SEL","T","SEL_T",-3.482,54.065,2.7,NA,NA,"yes","no",24,8.824,197,22,8.824,197,22,2.50105556066541,0.883815609781236,8.6070082058106,3.57877031230357,0.0368313689936537,NA,1.995,0.74121,0.67499,1.411,4.020304569,0.809,NA,NA,NA,NA,7.716333571,1.280723802,10.22771153,4.075952638,NA,NA,NA,NA,NA,NA,NA,NA,0.649301129
"SEL","R","SEL_R",-3.605,54.138,3.6,NA,NA,"no","no",28,7.843,99,25,7.843,99,25,2.41833474029888,0.845627997143149,6.477858559154,3.85616568023549,0.132687322028135,NA,2.311,0.74337,0.67751,1.196,4.04040404,1.063,NA,NA,NA,NA,8.69571805,1.625240255,11.21036429,3.640856263,NA,NA,NA,NA,NA,NA,NA,NA,0.646462845
"SEL","C","SEL_C",-3.675,54.422,5.8,NA,NA,"no","no",26,13.847,475,25,13.847,475,25,1.89414811413182,0.694009972299169,3.26808036037602,3.39310303340997,0.0016790640571965,NA,2.631,0.66585,0.60749,1.575,2.943157895,0.792,6.259597806,0.81237828,8.918367347,4.809970735,6.229421136,0.828470639,8.092696629,4.841800008,NA,NA,NA,NA,NA,NA,NA,NA,0.588276922
"SEL","S","SEL_S",-3.511,54.11,6.6,NA,NA,"no","no",24,6.6051,193,28,6.6051,193,28,2.49369910884329,0.866385674783216,7.48422744625276,4.27581036570567,0.151019666621247,NA,2.51,0.77587,0.70748,1.356,3.844559585,1.044,6.221804511,0.777126514,9.642857143,4.693172199,6.186443552,0.794052803,10.13052859,5.220552667,NA,NA,NA,NA,NA,NA,NA,NA,0.656670153
"SEL","P","SEL_P",-3.65,54.209,7,NA,NA,"no","no",34,3.421,71,16,3.421,71,16,2.05528355450968,0.783574687561992,4.6205316223648,3.42348787551506,0,NA,1.965,0.66138,0.60218,0.61,4.76056338,0.716,6.328671329,0.827137395,9.5,4.507988952,8.591103966,1.503214945,10.24435258,3.351618358,6.923781206,1.041581669,9.437272745,4.231170972,NA,NA,NA,NA,0.590950388
"SEL","B","SEL_B",-3.747,54.413,7.3,NA,NA,"no","no",31,3.9862,97,18,3.9862,97,18,2.30539614220158,0.827505579764056,5.79728897104128,3.12208567028379,0,NA,2.016,0.69379,0.63161,1.433,4.494845361,0.756,6.322404372,0.818952502,9.857142857,4.586098005,7.021416109,1.017643345,14.77173913,4.38326459,NA,NA,NA,NA,NA,NA,NA,NA,0.611209684
"SEL","L","SEL_L",-3.723,54.241,7.7,NA,NA,"no","no",36,6.225,82,18,6.225,82,18,2.2917564793326,0.848899464604402,6.61811023622047,4.86604850273526,0.210120481927711,NA,2.287,0.6863,0.6249,1.85,4.048780488,0.785,NA,NA,NA,NA,9.746921508,1.844412016,11.46797703,3.029402759,NA,NA,NA,NA,NA,NA,NA,NA,0.603219389
"SEL","I","SEL_I",-3.828,54.282,7.8,NA,NA,"no","no",38,6.448,102,19,6.448,102,19,2.44977671434496,0.870049980776624,7.69526627218935,4.27728098009029,0.137717121588089,NA,2,0.73306,0.66745,1.734,4.058823529,0.792,6.463414634,0.839878017,11,4.499264236,8.530955228,1.570696896,11.53062444,3.570696651,NA,NA,NA,NA,NA,NA,NA,NA,0.623478498
"SEL","F","SEL_F",-3.715,54.34,8.5,NA,NA,"no","no",36,1.837,53,10,1.837,53,10,1.57177580758066,0.702741189035244,3.36407185628742,3.1804797514592,0,NA,2.802,0.49564,0.451,0.795,3.962264151,0.461,NA,NA,NA,NA,6.599528857,0.870805183,8,4.483673095,NA,NA,NA,NA,NA,NA,NA,NA,0.526406075
"SEL","D","SEL_D",-3.844,54.333,8.8,NA,NA,"no","yes",42,10.3666,190,19,10.3666,190,19,1.49745396506601,0.569362880886427,2.32214074359964,2.3468692975829,0,NA,2.684,0.56395,0.51435,1.992,2.789473684,0.698,6.036199095,0.704354851,8.5,4.961117341,6.04738349,0.694586531,8.037037037,4.843559893,NA,NA,NA,NA,NA,NA,NA,NA,0.579843159
"SEL","G","SEL_G",-3.693,54.372,9.4,NA,NA,"no","yes",29,5.934,85,19,5.934,85,19,2.55116051151783,0.893564013840831,9.39531859557867,3.09829026011473,0,NA,2.268,0.72878,0.66347,1.185,4.4,0.824,6.460176991,0.870998703,9.153846154,4.46747455,6.98116363,0.981128563,14.26941515,4.347831146,NA,NA,NA,NA,7.331679441,1.10510093,8.740032594,4.070892282,0.628343397
"SEL","M","SEL_M",-3.655,54.287,10.2,NA,NA,"no","yes",31,2.7131,62,11,2.7131,62,11,1.8981554952077,0.769510926118626,4.33860045146727,3.05312480363931,0,NA,2.056,0.59546,0.5417,1.652,4.580645161,0.493,6.216,0.779168593,9.666666667,4.579465427,6.711578548,0.916557991,14.48519362,4.416517525,NA,NA,NA,NA,NA,NA,NA,NA,0.51386602
"SEL","E","SEL_E",-3.754,54.323,10.5,NA,NA,"no","yes",38,4.173,61,11,4.173,61,11,1.74210760611262,0.739586132760011,3.84004127966976,4.84930306654362,0.195462896397476,NA,2.05,0.56006,0.50955,0.932,4.852459016,0.495,6.565891473,0.91343945,12.09090909,4.423971162,9.156647775,1.665231119,12.24274869,3.305085249,7.66530405,1.286632811,12.39779294,3.986473079,NA,NA,NA,NA,0.550136795
"SEL","O","SEL_O",-3.64,54.247,11.9,NA,NA,"no","yes",31,4.0602,92,18,4.0602,92,18,1.83692760774858,0.690689981096408,3.23300229182582,5.19163296720973,0.098681509942039,NA,1.94,0.6498,0.59208,1.158,4.826086957,0.765,6.177570093,0.753191228,10.83333333,4.596680515,7.524192239,1.218526424,11.99377076,4.004905053,NA,NA,NA,NA,NA,NA,NA,NA,0.538174545
"SP","SP5","SP_SP5",1.9308,54.0377,1.75,NA,NA,"yes","no",76,37.044570001,471,50,37.044570001,471,50,2.90931641124694,0.908236078993513,10.8975291054674,4.48797140171924,0.276608661037961,0.177992151,2.312,0.88035,0.7966,1.633,3.791932059,1.107,11.12390925,2.455768067,12.55263158,2.650123315,9.923015705,2.168106112,11.98792198,3.92013322,9.887529858,2.087913823,12.2615252,3.520583949,8.755877852,1.688037489,11.82655643,4.354562216,0.736433562
"SP","SP3","SP_SP3",1.9946,54.0496,4.25,NA,NA,"yes","no",76,24.5367,319,38,24.5367,319,38,2.74460737347713,0.890360747241084,9.12082100923187,5.95684426139409,0.284910630470547,0.5382148,2.059,0.80123,0.7255,1.196,3.636363636,0.893,10.49866667,2.291123006,12.06049822,2.895661593,8.864531252,1.837566859,11.46061053,4.118197529,9.932144032,2.083111361,12.52137712,3.567758313,9.142122504,1.767029317,12.58004321,4.060083347,0.715825624
"SP","SP7","SP_SP7",2.09,54.0108,7,NA,NA,"no","no",78,12.050299997,153,30,12.050299997,153,30,2.72479711957229,0.890853945063864,9.16203522504892,5.72648476241814,0.362129297009457,0.255938689,1.6,0.77648,0.7036,0.809,3.908496732,0.802,10.67977528,2.343109172,11.99280576,2.773243274,8.577658287,1.879524644,11.30076398,5.443769268,9.624361663,2.03170575,12.31815855,3.767100126,7.976043681,1.448164231,12.39748832,4.908222146,0.721331425
"SP","SP1","SP_SP1",2.3808,54.0333,29,NA,NA,"no","yes",72,9.850200001,141,29,9.850200001,141,29,2.94640780648537,0.934258840098587,15.2111706197399,2.92246244329593,0.0379865307495588,0.373899682,2.215,0.76274,0.69058,1.982,3.631205674,0.787,11.51145038,2.460507626,12.86666667,2.493486017,10.82916231,2.247934036,12.14953516,2.847317715,11.30524445,2.396320504,12.85186978,2.728230556,NA,NA,NA,NA,0.687710671
"SP","SP2","SP_SP2",2.1419,54.092,38.5,NA,NA,"no","yes",77,23.703499999,938,36,23.703499999,938,36,1.77158707358653,0.66941185028255,3.02491181506261,3.22191105420097,0.199506402016559,0.049878605,2.345,0.65119,0.59019,2.057,2.590618337,0.711,12.56733275,2.741222041,13.18493804,1.82461121,12.40805793,2.678615941,13.39814102,1.983066474,10.26946005,2.168517913,12.91826649,3.17473092,8.590257786,1.66508307,12.37441608,4.231704357,0.608831679
"SP","SP6","SP_SP6",2.5242,54.1192,99,NA,NA,"no","yes",68,12.4011,370,31,12.4011,370,31,1.82738188740124,0.638436815193572,2.76576831387127,2.68276426222486,0.076393760687896,0.209588468,2.574,0.61457,0.55693,2.314,2.827027027,0.706,13.36712329,2.723080811,14.25153374,1.693064542,13.52617345,2.730228262,14.32691805,1.594597752,10.86151021,2.322627739,13.05645022,2.932414294,NA,NA,NA,NA,0.57976891
"TH","TH3","TH_TH3",1.4156,51.5324,0,NA,NA,"yes","no",18,1.0629,39,5,1.0629,39,5,1.52169974296891,0.766600920447074,4.28450704225352,2.89843014379028,0.446702417442845,0.277896485,1.385,0.487,0.44302,2.201,4.461538462,0.477,NA,NA,NA,NA,9.795280101,1.699802669,15,3.213677756,NA,NA,NA,NA,14.48071602,2.703505076,15,1.220862488,0.551836062
"TH","TH4","TH_TH4",1.0401,51.528,0,NA,NA,"yes","no",16,0.7009,33,9,0.7009,33,9,1.58231474526045,0.707070707070707,3.41379310344828,3.25100634778541,0.60051362533885,0.117080994,0.955,0.54299,0.49391,2.185,5.636363636,1,NA,NA,NA,NA,NA,NA,NA,NA,NA,NA,NA,NA,9.652074928,1.984839686,13.29256765,3.694252174,0.513426216
"TH","TH5","TH_TH5",1.4528,51.5053,0,NA,NA,"yes","no",22,6.9925,275,15,6.9925,275,15,1.29059190257092,0.511523966942149,2.04718334641726,2.76171341460378,0.372055774043618,0.104387478,0.646,0.5608,0.51034,2.303,5.301818182,1.089,12.78451178,2.514811675,14.23673469,2.063725033,8.462834811,1.48003308,12.67705371,4.107679658,9.659593413,2.0048842,12.07004123,3.591993202,8.763164339,1.882563405,10.83685041,3.860929658,0.628401682
"TH","TH2","TH_TH2",1.5782,51.4745,54,NA,NA,"no","yes",25,5.889100002,128,17,5.889100002,128,17,2.15620424603789,0.8409423828125,6.28702993092863,3.11336055935927,0.481542171220885,0.14924458,1.359,0.6403,0.58114,1.895,4.1875,1.441,8.696202532,1.679993914,11.08433735,4.094631313,8.84996713,1.609153693,10.56208409,3.719209991,9.628625616,1.913157665,12.2458981,3.699687909,NA,NA,NA,NA,0.650676231
"TH","TH6","TH_TH6",1.4558,51.5583,78,NA,NA,"no","yes",17,3.433900002,321,11,3.433900002,321,11,0.839965937138226,0.344037810192059,1.52447811099111,3.79207162652818,0.79280118827409,0.266344335,0.313,0.49931,0.45532,1.832,5.800623053,0.757,14.64664311,2.756470814,14.81949458,1.137684111,NA,NA,NA,NA,NA,NA,NA,NA,NA,NA,NA,NA,0.590857721
"TH","TH1","TH_TH1",1.748,51.5267,100,NA,NA,"no","yes",40,9.342799998,131,15,9.342799998,131,15,1.73940056848364,0.689470310587961,3.22030399699756,3.59400495775976,0.505846544518229,0.053050398,0.504,0.62536,0.56857,1.103,5.160305344,1.255,8.058510638,1.568189567,10.02061856,4.41899011,10.6537989,2.124522118,13.3786938,3.235733624,9.108029309,1.814293629,12.63375529,4.088957778,7.663417011,1.468316208,15.20214012,5.076628136,0.652373928
"Vigo","AG0304","Vigo_AG0304",-8.71039,42.261,NA,1.82,NA,"no","no",NA,NA,8571.45,27,NA,8571.45,27,3.14130468268648,0.950666837775036,20.2703405761809,NA,NA,0.133333333,NA,NA,NA,NA,2.9733359,0.63,NA,NA,NA,NA,NA,NA,NA,NA,NA,NA,NA,NA,NA,NA,NA,NA,NA
"Vigo","AG0305","Vigo_AG0305",-8.71039,42.261,NA,2.7,NA,"no","yes",NA,NA,19942.88,33,NA,19942.88,33,3.18370421310838,0.948957809467351,19.5916356560039,NA,NA,0.114613336,NA,NA,NA,NA,2.951290887,0.71,NA,NA,NA,NA,NA,NA,NA,NA,NA,NA,NA,NA,NA,NA,NA,NA,NA
"Vigo","AG0406","Vigo_AG0406",-8.71039,42.261,NA,2.54,NA,"no","no",NA,NA,24114.31,32,NA,24114.31,32,3.08792402933936,0.944161275461643,17.9087185151063,NA,NA,0.075829248,NA,NA,NA,NA,2.720380554,0.675,NA,NA,NA,NA,NA,NA,NA,NA,NA,NA,NA,NA,NA,NA,NA,NA,NA
"Vigo","AG1004","Vigo_AG1004",-8.71039,42.261,NA,2.31,NA,"no","no",NA,NA,20171.45,42,NA,20171.45,42,3.48345615292008,0.963333385689813,27.2727662156191,NA,NA,0.079320029,NA,NA,NA,NA,2.815865989,0.908,NA,NA,NA,NA,NA,NA,NA,NA,NA,NA,NA,NA,NA,NA,NA,NA,NA
"Vigo","CA0305","Vigo_CA0305",-8.77766,42.254,NA,-1.51,NA,"yes","no",NA,NA,28571.49,46,NA,28571.49,46,3.45144746063698,0.955416087510712,22.4296151720707,NA,NA,0.184000204,NA,NA,NA,NA,3.296001014,0.963,NA,NA,NA,NA,NA,NA,NA,NA,NA,NA,NA,NA,NA,NA,NA,NA,NA
"Vigo","CA0406","Vigo_CA0406",-8.77766,42.254,NA,-1.84,NA,"yes","no",NA,NA,25942.92,51,NA,25942.92,51,3.5456128519934,0.95746099763192,23.5078385559499,NA,NA,0.16299553,NA,NA,NA,NA,3.559471332,1.08,NA,NA,NA,NA,NA,NA,NA,NA,NA,NA,NA,NA,NA,NA,NA,NA,NA
"Vigo","CA1004","Vigo_CA1004",-8.77766,42.254,NA,-1.57,NA,"yes","no",NA,NA,43600.05,56,NA,43600.05,56,3.61655087353607,0.965372630947582,28.8788905240311,NA,NA,0.159895,NA,NA,NA,NA,3.478375369,1.13,NA,NA,NA,NA,NA,NA,NA,NA,NA,NA,NA,NA,NA,NA,NA,NA,NA
"Vigo","MO0304","Vigo_MO0304",-8.7248,42.276,NA,-0.36,NA,"yes","no",NA,NA,24342.91,47,NA,24342.91,47,3.45099564640611,0.954969368338547,22.2071057656521,NA,NA,0.145540118,NA,NA,NA,NA,3.399063629,1,NA,NA,NA,NA,NA,NA,NA,NA,NA,NA,NA,NA,NA,NA,NA,NA,NA
"Vigo","MO0305","Vigo_MO0305",-8.7248,42.276,NA,0.24,NA,"no","no",NA,NA,24171.48,37,NA,24171.48,37,3.21951042800926,0.947191480186916,18.9363383700113,NA,NA,0.163120752,NA,NA,NA,NA,3.68321675,0.783,NA,NA,NA,NA,NA,NA,NA,NA,NA,NA,NA,NA,NA,NA,NA,NA,NA
"Vigo","MO0406","Vigo_MO0406",-8.7248,42.276,NA,-0.28,NA,"yes","no",NA,NA,24400.05,37,NA,24400.05,37,3.28530259901416,0.953221953199159,21.3775492648833,NA,NA,0.210772519,NA,NA,NA,NA,3.367682443,0.782,NA,NA,NA,NA,NA,NA,NA,NA,NA,NA,NA,NA,NA,NA,NA,NA,NA
"Vigo","MO1004","Vigo_MO1004",-8.7248,42.276,NA,0.4,NA,"no","no",NA,NA,34457.2,51,NA,34457.2,51,3.46285524813957,0.956252539429356,22.8584696564315,NA,NA,0.086235388,NA,NA,NA,NA,3.00165887,1.051,NA,NA,NA,NA,NA,NA,NA,NA,NA,NA,NA,NA,NA,NA,NA,NA,NA
"Vigo","NA0305","Vigo_NA0305",-8.720499,42.244,NA,7.72,NA,"no","yes",NA,NA,22457.17,27,NA,22457.17,27,2.81310245031995,0.921598861248938,12.7549167771043,NA,NA,0,NA,NA,NA,NA,2.753181278,0.57,NA,NA,NA,NA,NA,NA,NA,NA,NA,NA,NA,NA,NA,NA,NA,NA,NA
"Vigo","NA0406","Vigo_NA0406",-8.720499,42.244,NA,5.61,NA,"no","yes",NA,NA,32971.47,36,NA,32971.47,36,3.07149237582827,0.93930548729617,16.4759540105328,NA,NA,0.010398687,NA,NA,NA,NA,2.506067822,0.739,NA,NA,NA,NA,NA,NA,NA,NA,NA,NA,NA,NA,NA,NA,NA,NA,NA
"Vigo","RE0304","Vigo_RE0304",-8.6317,42.291,NA,1.04,NA,"no","no",NA,NA,14400.01,20,NA,14400.01,20,2.4731874167163,0.876827008752574,8.11866294609371,NA,NA,0.055555517,NA,NA,NA,NA,2.095238823,0.436,NA,NA,NA,NA,NA,NA,NA,NA,NA,NA,NA,NA,NA,NA,NA,NA,NA
"Vigo","RE0305","Vigo_RE0305",-8.6317,42.291,NA,0.71,NA,"no","no",NA,NA,21600.03,30,NA,21600.03,30,2.91277779800945,0.922104789665558,12.8377598020021,NA,NA,0.050264745,NA,NA,NA,NA,2.529101117,0.638,NA,NA,NA,NA,NA,NA,NA,NA,NA,NA,NA,NA,NA,NA,NA,NA,NA
"Vigo","RE0406","Vigo_RE0406",-8.6317,42.291,NA,0.91,NA,"no","no",NA,NA,28914.36,31,NA,28914.36,31,3.05272389079995,0.94187547266259,17.2044409788496,NA,NA,0.079051378,NA,NA,NA,NA,2.561265752,0.641,NA,NA,NA,NA,NA,NA,NA,NA,NA,NA,NA,NA,NA,NA,NA,NA,NA
"Vigo","RE1004","Vigo_RE1004",-8.6317,42.291,NA,1.24,NA,"no","no",NA,NA,33771.49,38,NA,33771.49,38,3.14591559387427,0.941293779063438,17.0339698935929,NA,NA,0.02199666,NA,NA,NA,NA,2.886634259,0.779,NA,NA,NA,NA,NA,NA,NA,NA,NA,NA,NA,NA,NA,NA,NA,NA,NA
"Vigo","VI0305","Vigo_VI0305",-8.739992,42.233,NA,6.34,NA,"no","yes",NA,NA,20971.45,22,NA,20971.45,22,2.61330735907599,0.901038884311407,10.1049790419377,NA,NA,0,NA,NA,NA,NA,2.370574281,0.463,NA,NA,NA,NA,NA,NA,NA,NA,NA,NA,NA,NA,NA,NA,NA,NA,NA
"Vigo","VI0406","Vigo_VI0406",-8.739992,42.233,NA,6.52,NA,"no","yes",NA,NA,11942.89,18,NA,11942.89,18,2.63038469593343,0.912937097950177,11.485948394274,NA,NA,0,NA,NA,NA,NA,2.287082942,0.398,NA,NA,NA,NA,NA,NA,NA,NA,NA,NA,NA,NA,NA,NA,NA,NA,NA
"Vigo","VI1004","Vigo_VI1004",-8.739992,42.233,NA,3.83,NA,"no","yes",NA,NA,28000.01,25,NA,28000.01,25,2.74251418090822,0.913027935508756,11.497944838376,NA,NA,0,NA,NA,NA,NA,2.253061338,0.515,NA,NA,NA,NA,NA,NA,NA,NA,NA,NA,NA,NA,NA,NA,NA,NA,NA
